"날짜","종가","오픈","고가","저가","거래량","변동 %"
"2022년 05월 16일","20.27","19.94","20.88","19.94","-","2.95%"
"2022년 05월 13일","19.69","21.11","21.25","19.69","-","-13.34%"
"2022년 05월 12일","22.72","21.99","23.06","20.65","-","7.68%"
"2022년 05월 11일","21.10","21.76","22.19","21.02","-","-4.57%"
"2022년 05월 10일","22.11","23.05","24.09","21.85","-","3.37%"
"2022년 05월 09일","21.39","21.27","21.90","21.27","-","2.49%"
"2022년 05월 06일","20.87","21.21","21.23","20.40","-","6.43%"
"2022년 05월 04일","19.61","19.62","19.98","19.43","-","-3.16%"
"2022년 05월 03일","20.25","20.27","20.40","19.47","-","-1.22%"
"2022년 05월 02일","20.50","20.95","21.13","20.45","-","8.35%"
"2022년 04월 29일","18.92","19.99","19.99","18.92","-","-7.48%"
"2022년 04월 28일","20.45","21.52","21.66","20.45","-","-6.96%"
"2022년 04월 27일","21.98","22.87","22.87","21.69","-","10.23%"
"2022년 04월 26일","19.94","20.12","20.16","19.53","-","-5.27%"
"2022년 04월 25일","21.05","20.42","21.45","20.41","-","18.59%"
"2022년 04월 22일","17.75","18.21","18.28","17.66","-","5.84%"
"2022년 04월 21일","16.77","16.79","16.99","16.54","-","-3.29%"
"2022년 04월 20일","17.34","17.79","17.86","17.30","-","-1.98%"
"2022년 04월 19일","17.69","17.91","17.93","17.62","-","-6.30%"
"2022년 04월 18일","18.88","19.11","19.14","18.83","-","6.25%"
"2022년 04월 15일","17.77","18.18","18.34","17.69","-","3.74%"
"2022년 04월 14일","17.13","17.05","17.37","16.95","-","0.65%"
"2022년 04월 13일","17.02","17.82","17.95","17.02","-","-7.85%"
"2022년 04월 12일","18.47","18.02","18.91","17.99","-","5.12%"
"2022년 04월 11일","17.57","17.86","17.91","17.19","-","2.75%"
"2022년 04월 08일","17.10","17.30","17.73","17.10","-","-3.82%"
"2022년 04월 07일","17.78","17.29","18.33","17.27","-","5.90%"
"2022년 04월 06일","16.79","16.73","17.06","16.53","-","5.53%"
"2022년 04월 05일","15.91","16.30","16.52","15.91","-","-3.52%"
"2022년 04월 04일","16.49","17.53","17.54","16.48","-","-3.40%"
"2022년 04월 01일","17.07","17.69","17.69","17.05","-","-0.41%"
"2022년 03월 31일","17.14","17.92","17.95","17.05","-","-4.14%"
"2022년 03월 30일","17.88","17.95","18.21","17.83","-","-4.64%"
"2022년 03월 29일","18.75","18.87","19.26","18.75","-","-4.34%"
"2022년 03월 28일","19.60","20.35","20.40","19.60","-","-0.10%"
"2022년 03월 25일","19.62","19.80","19.93","19.35","-","-0.56%"
"2022년 03월 24일","19.73","20.08","20.41","19.58","-","0.61%"
"2022년 03월 23일","19.61","19.64","20.15","19.50","-","-6.75%"
"2022년 03월 22일","21.03","22.08","22.08","20.93","-","-6.12%"
"2022년 03월 21일","22.40","22.51","22.80","22.22","-","2.14%"
"2022년 03월 18일","21.93","22.58","22.79","21.92","-","-2.75%"
"2022년 03월 17일","22.55","21.44","23.27","21.34","-","-5.01%"
"2022년 03월 16일","23.74","24.95","25.51","23.52","-","-7.88%"
"2022년 03월 15일","25.77","25.15","26.38","24.92","-","4.33%"
"2022년 03월 14일","24.70","24.60","25.22","24.14","-","1.19%"
"2022년 03월 11일","24.41","24.33","25.70","23.76","-","-5.06%"
"2022년 03월 10일","25.71","25.14","26.08","24.64","-","-11.19%"
"2022년 03월 08일","28.95","29.27","29.30","27.92","-","3.99%"
"2022년 03월 07일","27.84","27.42","28.99","27.24","-","13.31%"
"2022년 03월 04일","24.57","23.63","25.70","23.58","-","8.10%"
"2022년 03월 03일","22.73","23.27","23.37","22.65","-","-8.68%"
"2022년 03월 02일","24.89","24.93","25.21","24.51","-","1.97%"
"2022년 02월 28일","24.41","25.34","25.64","24.38","-","2.39%"
"2022년 02월 25일","23.84","25.19","25.22","23.83","-","-12.00%"
"2022년 02월 24일","27.09","25.20","28.09","25.17","-","12.55%"
"2022년 02월 23일","24.07","24.52","24.77","23.81","-","-5.01%"
"2022년 02월 22일","25.34","25.53","26.39","24.85","-","6.52%"
"2022년 02월 21일","23.79","26.03","26.10","23.79","-","0.46%"
"2022년 02월 18일","23.68","24.56","25.27","23.56","-","1.72%"
"2022년 02월 17일","23.28","21.57","23.96","20.82","-","6.11%"
"2022년 02월 16일","21.94","22.49","22.52","21.93","-","-10.89%"
"2022년 02월 15일","24.62","23.99","25.26","23.46","-","3.27%"
"2022년 02월 14일","23.84","23.30","24.65","23.28","-","13.96%"
"2022년 02월 11일","20.92","20.61","21.05","19.95","-","8.90%"
"2022년 02월 10일","19.21","18.95","19.43","18.75","-","-2.39%"
"2022년 02월 09일","19.68","19.89","20.08","19.59","-","-6.55%"
"2022년 02월 08일","21.06","20.64","21.76","20.43","-","-2.45%"
"2022년 02월 07일","21.59","22.47","22.71","21.59","-","2.71%"
"2022년 02월 04일","21.02","21.95","22.73","20.95","-","-8.29%"
"2022년 02월 03일","22.92","22.33","23.17","21.23","-","-4.38%"
"2022년 01월 28일","23.97","26.17","27.18","23.74","-","-14.21%"
"2022년 01월 27일","27.94","24.62","28.73","24.43","-","12.53%"
"2022년 01월 26일","24.83","25.31","25.84","24.44","-","-5.45%"
"2022년 01월 25일","26.26","23.35","27.65","23.33","-","22.25%"
"2022년 01월 24일","21.48","20.77","22.19","20.77","-","10.95%"
"2022년 01월 21일","19.36","19.20","20.44","19.04","-","7.62%"
"2022년 01월 20일","17.99","18.80","18.84","17.97","-","-4.10%"
"2022년 01월 19일","18.76","18.80","19.04","18.24","-","3.30%"
"2022년 01월 18일","18.16","17.77","18.53","17.27","-","3.59%"
"2022년 01월 17일","17.53","17.77","18.23","17.52","-","3.30%"
"2022년 01월 14일","16.97","17.01","17.66","16.78","-","6.33%"
"2022년 01월 13일","15.96","15.55","15.96","15.35","-","0.31%"
"2022년 01월 12일","15.91","16.21","16.32","15.78","-","-7.87%"
"2022년 01월 11일","17.27","16.78","17.61","16.75","-","-0.80%"
"2022년 01월 10일","17.41","18.03","18.26","17.26","-","2.47%"
"2022년 01월 07일","16.99","16.78","17.40","16.35","-","-3.03%"
"2022년 01월 06일","17.52","17.07","17.58","16.70","-","5.67%"
"2022년 01월 05일","16.58","16.11","16.94","16.06","-","3.62%"
"2022년 01월 04일","16.00","16.59","16.65","16.00","-","-3.44%"
"2022년 01월 03일","16.57","16.63","16.90","16.38","-","0.42%"
"2021년 12월 30일","16.50","16.53","16.66","16.33","-","-0.30%"
"2021년 12월 29일","16.55","16.95","16.98","16.48","-","-3.05%"
"2021년 12월 28일","17.07","17.76","17.78","16.94","-","-2.23%"
"2021년 12월 27일","17.46","17.29","17.60","17.18","-","5.82%"
"2021년 12월 24일","16.50","16.58","16.69","16.47","-","-2.54%"
"2021년 12월 23일","16.93","17.24","17.28","16.89","-","-2.81%"
"2021년 12월 22일","17.42","17.51","17.82","17.42","-","-4.91%"
"2021년 12월 21일","18.32","18.43","19.11","18.12","-","-6.15%"
"2021년 12월 20일","19.52","18.39","19.55","18.22","-","14.69%"
"2021년 12월 17일","17.02","17.43","17.48","16.98","-","0.24%"
"2021년 12월 16일","16.98","17.09","17.67","16.97","-","-7.87%"
"2021년 12월 15일","18.43","18.80","18.98","18.28","-","0.16%"
"2021년 12월 14일","18.40","18.45","18.88","18.07","-","2.22%"
"2021년 12월 13일","18.00","17.19","18.10","16.92","-","3.51%"
"2021년 12월 10일","17.39","17.02","17.41","16.83","-","4.44%"
"2021년 12월 09일","16.65","16.95","17.01","16.27","-","-5.88%"
"2021년 12월 08일","17.69","17.16","18.34","17.07","-","-4.27%"
"2021년 12월 07일","18.48","20.85","20.99","18.43","-","-11.62%"
"2021년 12월 06일","20.91","21.49","21.69","20.44","-","4.08%"
"2021년 12월 03일","20.09","21.51","21.52","20.01","-","-4.42%"
"2021년 12월 02일","21.02","21.65","22.04","20.84","-","2.19%"
"2021년 12월 01일","20.57","22.07","22.93","20.57","-","-11.45%"
"2021년 11월 30일","23.23","18.93","24.98","18.76","-","11.04%"
"2021년 11월 29일","20.92","20.71","21.41","19.94","-","15.96%"
"2021년 11월 26일","18.04","16.38","18.25","16.38","-","11.63%"
"2021년 11월 25일","16.16","16.45","16.49","16.16","-","-0.68%"
"2021년 11월 24일","16.27","16.34","16.70","16.19","-","-1.39%"
"2021년 11월 23일","16.50","16.43","16.52","16.35","-","2.04%"
"2021년 11월 22일","16.17","16.26","16.52","16.14","-","-0.49%"
"2021년 11월 19일","16.25","16.54","16.86","16.25","-","-2.93%"
"2021년 11월 18일","16.74","16.72","17.09","16.54","-","1.39%"
"2021년 11월 17일","16.51","16.18","16.71","16.17","-","3.38%"
"2021년 11월 16일","15.97","16.20","16.31","15.92","-","0.44%"
"2021년 11월 15일","15.90","16.12","16.14","15.90","-","-1.73%"
"2021년 11월 12일","16.18","16.47","16.54","16.15","-","-4.71%"
"2021년 11월 11일","16.98","18.31","18.43","16.98","-","-6.65%"
"2021년 11월 10일","18.19","18.30","18.46","17.79","-","1.06%"
"2021년 11월 09일","18.00","17.77","18.57","17.75","-","-1.32%"
"2021년 11월 08일","18.24","19.12","19.38","18.12","-","1.22%"
"2021년 11월 05일","18.02","17.93","18.42","17.52","-","2.39%"
"2021년 11월 04일","17.60","17.33","17.80","17.13","-","-4.14%"
"2021년 11월 03일","18.36","17.69","18.55","17.40","-","6.25%"
"2021년 11월 02일","17.28","17.60","17.64","16.82","-","-5.73%"
"2021년 11월 01일","18.33","18.46","18.46","17.92","-","-1.19%"
"2021년 10월 29일","18.55","17.07","18.85","17.03","-","8.54%"
"2021년 10월 28일","17.09","17.01","17.09","16.58","-","1.24%"
"2021년 10월 27일","16.88","16.50","17.03","16.48","-","4.78%"
"2021년 10월 26일","16.11","16.51","16.53","16.01","-","-5.40%"
"2021년 10월 25일","17.03","18.50","18.53","17.03","-","-0.99%"
"2021년 10월 22일","17.20","17.89","17.89","17.14","-","-2.71%"
"2021년 10월 21일","17.68","17.81","17.87","17.24","-","-0.28%"
"2021년 10월 20일","17.73","17.11","17.76","16.89","-","2.84%"
"2021년 10월 19일","17.24","17.41","17.76","17.17","-","-4.28%"
"2021년 10월 18일","18.01","18.89","18.93","17.66","-","5.75%"
"2021년 10월 15일","17.03","17.25","17.97","17.02","-","-6.48%"
"2021년 10월 14일","18.21","19.45","19.57","18.16","-","-11.34%"
"2021년 10월 13일","20.54","21.87","21.91","20.48","-","-8.30%"
"2021년 10월 12일","22.40","22.11","22.63","21.61","-","9.43%"
"2021년 10월 08일","20.47","20.17","20.61","19.81","-","-0.34%"
"2021년 10월 07일","20.54","21.12","21.44","20.53","-","-5.95%"
"2021년 10월 06일","21.84","21.24","22.06","20.28","-","2.92%"
"2021년 10월 05일","21.22","20.71","22.98","20.56","-","12.22%"
"2021년 10월 01일","18.91","18.05","19.65","18.02","-","8.99%"
"2021년 09월 30일","17.35","17.96","18.07","17.22","-","-2.91%"
"2021년 09월 29일","17.87","17.79","19.34","17.46","-","8.63%"
"2021년 09월 28일","16.45","16.09","16.55","16.05","-","3.33%"
"2021년 09월 27일","15.92","16.68","16.69","15.87","-","-2.51%"
"2021년 09월 24일","16.33","16.45","16.48","16.01","-","-2.33%"
"2021년 09월 23일","16.72","16.95","17.22","16.54","-","8.01%"
"2021년 09월 17일","15.48","16.06","16.13","15.17","-","0.26%"
"2021년 09월 16일","15.44","15.08","15.82","14.96","-","5.32%"
"2021년 09월 15일","14.66","14.85","15.12","14.61","-","-0.07%"
"2021년 09월 14일","14.67","14.69","14.81","14.46","-","-3.99%"
"2021년 09월 13일","15.28","15.78","15.97","15.16","-","0.66%"
"2021년 09월 10일","15.18","15.68","15.95","15.10","-","-5.24%"
"2021년 09월 09일","16.02","14.87","16.45","14.59","-","8.76%"
"2021년 09월 08일","14.73","14.48","15.33","14.21","-","3.88%"
"2021년 09월 07일","14.18","14.30","14.67","14.17","-","-0.42%"
"2021년 09월 06일","14.24","14.57","14.76","14.23","-","-2.60%"
"2021년 09월 03일","14.62","15.07","15.14","14.61","-","-4.13%"
"2021년 09월 02일","15.25","15.21","15.86","15.18","-","1.94%"
"2021년 09월 01일","14.96","15.17","15.31","14.87","-","1.36%"
"2021년 08월 31일","14.76","16.01","16.13","14.75","-","-7.05%"
"2021년 08월 30일","15.88","15.61","16.16","15.61","-","-1.79%"
"2021년 08월 27일","16.17","16.67","17.07","16.10","-","0.12%"
"2021년 08월 26일","16.15","15.44","16.31","15.43","-","4.33%"
"2021년 08월 25일","15.48","15.39","15.97","15.27","-","-0.90%"
"2021년 08월 24일","15.62","16.19","16.19","15.59","-","-9.66%"
"2021년 08월 23일","17.29","18.34","18.54","16.99","-","-8.62%"
"2021년 08월 20일","18.92","17.86","20.08","17.34","-","6.17%"
"2021년 08월 19일","17.82","16.14","17.91","15.82","-","15.12%"
"2021년 08월 18일","15.48","16.81","17.20","15.13","-","-5.26%"
"2021년 08월 17일","16.34","15.80","16.90","15.53","-","5.76%"
"2021년 08월 13일","15.45","14.70","17.29","14.70","-","9.65%"
"2021년 08월 12일","14.09","14.63","14.83","13.93","-","-6.81%"
"2021년 08월 11일","15.12","14.71","15.26","14.38","-","4.13%"
"2021년 08월 10일","14.52","14.28","15.19","14.20","-","1.68%"
"2021년 08월 09일","14.28","14.87","14.95","14.14","-","0.71%"
"2021년 08월 06일","14.18","14.68","14.71","14.18","-","-2.41%"
"2021년 08월 05일","14.53","14.96","14.96","14.39","-","-1.62%"
"2021년 08월 04일","14.77","14.54","15.09","14.02","-","-0.07%"
"2021년 08월 03일","14.78","15.52","15.57","14.78","-","-6.28%"
"2021년 08월 02일","15.77","16.95","16.96","15.77","-","-8.84%"
"2021년 07월 30일","17.30","16.21","17.31","16.19","-","11.04%"
"2021년 07월 29일","15.58","15.78","16.14","15.56","-","-3.29%"
"2021년 07월 28일","16.11","16.21","16.97","15.86","-","2.29%"
"2021년 07월 27일","15.75","15.46","15.88","15.25","-","-1.87%"
"2021년 07월 26일","16.05","15.28","16.16","15.25","-","11.30%"
"2021년 07월 23일","14.42","14.74","14.74","14.29","-","-1.23%"
"2021년 07월 22일","14.60","15.02","15.02","14.48","-","-9.43%"
"2021년 07월 21일","16.12","15.14","16.16","15.04","-","2.81%"
"2021년 07월 20일","15.68","16.50","16.53","15.68","-","2.82%"
"2021년 07월 19일","15.25","15.07","15.75","14.96","-","15.27%"
"2021년 07월 16일","13.23","13.55","13.83","13.23","-","1.46%"
"2021년 07월 15일","13.04","13.02","13.36","12.87","-","0.54%"
"2021년 07월 14일","12.97","13.07","13.19","12.74","-","3.35%"
"2021년 07월 13일","12.55","12.83","12.85","12.51","-","-7.86%"
"2021년 07월 12일","13.62","14.35","14.38","13.61","-","-9.92%"
"2021년 07월 09일","15.12","14.99","17.07","14.96","-","6.55%"
"2021년 07월 08일","14.19","12.79","14.19","12.68","-","6.77%"
"2021년 07월 07일","13.29","13.09","13.76","13.08","-","4.56%"
"2021년 07월 06일","12.71","12.80","12.89","12.65","-","-3.05%"
"2021년 07월 05일","13.11","13.54","13.54","12.96","-","-4.59%"
"2021년 07월 02일","13.74","14.19","14.19","13.63","-","-4.12%"
"2021년 07월 01일","14.33","14.32","14.51","14.24","-","1.13%"
"2021년 06월 30일","14.17","14.30","14.31","14.04","-","-2.41%"
"2021년 06월 29일","14.52","14.78","14.80","14.51","-","-1.89%"
"2021년 06월 28일","14.80","15.28","15.29","14.80","-","-0.13%"
"2021년 06월 25일","14.82","14.84","15.13","14.70","-","-0.13%"
"2021년 06월 24일","14.84","14.74","14.96","14.66","-","0.61%"
"2021년 06월 23일","14.75","14.86","15.02","14.72","-","-2.38%"
"2021년 06월 22일","15.11","15.38","15.40","15.02","-","-7.19%"
"2021년 06월 21일","16.28","16.04","17.07","15.97","-","11.35%"
"2021년 06월 18일","14.62","14.97","14.97","14.53","-","-2.40%"
"2021년 06월 17일","14.98","15.21","15.38","14.90","-","1.90%"
"2021년 06월 16일","14.70","14.80","15.02","14.62","-","2.58%"
"2021년 06월 15일","14.33","14.68","14.75","14.33","-","-0.90%"
"2021년 06월 14일","14.46","15.14","15.15","14.45","-","-0.34%"
"2021년 06월 11일","14.51","15.20","15.29","14.50","-","-6.02%"
"2021년 06월 10일","15.44","16.34","16.34","15.37","-","-6.88%"
"2021년 06월 09일","16.58","16.27","16.60","15.85","-","2.09%"
"2021년 06월 08일","16.24","16.73","16.75","16.14","-","-4.69%"
"2021년 06월 07일","17.04","17.56","17.61","16.98","-","-2.24%"
"2021년 06월 04일","17.43","17.85","17.91","17.26","-","-0.29%"
"2021년 06월 03일","17.48","16.62","17.71","16.61","-","5.11%"
"2021년 06월 02일","16.63","16.73","16.76","16.52","-","0.91%"
"2021년 06월 01일","16.48","16.84","16.84","16.44","-","-3.29%"
"2021년 05월 31일","17.04","17.81","17.81","17.04","-","-1.56%"
"2021년 05월 28일","17.31","17.90","17.90","17.00","-","-5.36%"
"2021년 05월 27일","18.29","18.45","19.02","18.04","-","-2.09%"
"2021년 05월 26일","18.68","19.03","19.03","18.47","-","-1.63%"
"2021년 05월 25일","18.99","20.06","20.18","18.99","-","-7.77%"
"2021년 05월 24일","20.59","20.66","21.02","20.42","-","2.49%"
"2021년 05월 21일","20.09","18.70","21.68","18.63","-","5.07%"
"2021년 05월 20일","19.12","19.11","20.04","19.03","-","4.88%"
"2021년 05월 18일","18.23","18.99","19.01","18.19","-","-5.50%"
"2021년 05월 17일","19.29","18.92","20.06","18.88","-","-0.16%"
"2021년 05월 14일","19.32","20.15","20.34","18.84","-","-11.78%"
"2021년 05월 13일","21.90","23.81","23.81","21.42","-","-1.22%"
"2021년 05월 12일","22.17","20.09","24.74","19.84","-","10.85%"
"2021년 05월 11일","20.00","17.90","21.51","17.87","-","15.34%"
"2021년 05월 10일","17.34","16.83","17.34","16.26","-","5.54%"
"2021년 05월 07일","16.43","16.95","16.95","16.40","-","-3.35%"
"2021년 05월 06일","17.00","17.32","17.33","16.72","-","0.65%"
"2021년 05월 04일","16.89","18.09","18.10","16.89","-","-6.63%"
"2021년 05월 03일","18.09","19.25","19.25","18.03","-","-3.98%"
"2021년 04월 30일","18.84","19.13","19.94","18.65","-","-0.42%"
"2021년 04월 29일","18.92","18.21","19.13","18.05","-","0.00%"
"2021년 04월 28일","18.92","18.28","19.29","18.26","-","4.53%"
"2021년 04월 27일","18.10","18.48","18.64","18.09","-","-1.42%"
"2021년 04월 26일","18.36","18.70","18.71","18.26","-","0.16%"
"2021년 04월 23일","18.33","18.79","18.79","18.07","-","2.63%"
"2021년 04월 22일","17.86","18.55","18.64","17.67","-","-5.75%"
"2021년 04월 21일","18.95","18.39","19.46","18.28","-","5.51%"
"2021년 04월 20일","17.96","18.38","18.39","17.89","-","-0.44%"
"2021년 04월 19일","18.04","18.43","18.53","18.03","-","2.44%"
"2021년 04월 16일","17.61","17.85","18.37","17.60","-","0.06%"
"2021년 04월 15일","17.60","16.56","17.61","16.49","-","6.73%"
"2021년 04월 14일","16.49","16.73","16.90","16.30","-","-3.62%"
"2021년 04월 13일","17.11","16.50","17.11","16.27","-","3.45%"
"2021년 04월 12일","16.54","17.38","17.39","16.54","-","-0.90%"
"2021년 04월 09일","16.69","16.30","17.37","16.30","-","3.09%"
"2021년 04월 08일","16.19","17.17","17.20","16.08","-","-7.22%"
"2021년 04월 07일","17.45","17.87","18.04","17.45","-","-4.85%"
"2021년 04월 06일","18.34","18.87","18.87","18.27","-","-3.32%"
"2021년 04월 05일","18.97","19.64","19.70","18.83","-","-2.77%"
"2021년 04월 02일","19.51","20.13","20.19","19.51","-","-1.86%"
"2021년 04월 01일","19.88","20.19","20.49","19.88","-","-2.74%"
"2021년 03월 31일","20.44","20.48","20.65","20.20","-","-0.97%"
"2021년 03월 30일","20.64","20.92","21.00","20.50","-","-1.76%"
"2021년 03월 29일","21.01","21.31","21.36","20.41","-","3.19%"
"2021년 03월 26일","20.36","21.29","21.31","20.36","-","-6.13%"
"2021년 03월 25일","21.69","22.92","22.94","21.58","-","-4.49%"
"2021년 03월 24일","22.71","23.76","23.80","22.71","-","-2.07%"
"2021년 03월 23일","23.19","22.92","23.42","22.77","-","-2.15%"
"2021년 03월 22일","23.70","24.16","24.47","23.68","-","0.38%"
"2021년 03월 19일","23.61","23.85","24.18","23.31","-","4.05%"
"2021년 03월 18일","22.69","23.71","23.71","22.69","-","-7.50%"
"2021년 03월 17일","24.53","24.42","25.56","24.41","-","1.03%"
"2021년 03월 16일","24.28","25.36","25.48","24.27","-","-6.25%"
"2021년 03월 15일","25.90","26.34","26.34","25.61","-","1.01%"
"2021년 03월 12일","25.64","26.22","26.32","25.48","-","-3.06%"
"2021년 03월 11일","26.45","27.61","27.78","26.45","-","-8.32%"
"2021년 03월 10일","28.85","28.48","29.66","28.35","-","-3.12%"
"2021년 03월 09일","29.78","29.41","32.36","29.33","-","1.02%"
"2021년 03월 08일","29.48","29.52","29.65","27.73","-","1.34%"
"2021년 03월 05일","29.09","30.91","31.43","29.05","-","-1.39%"
"2021년 03월 04일","29.50","29.26","30.66","29.05","-","4.20%"
"2021년 03월 03일","28.31","31.41","31.42","28.27","-","-8.59%"
"2021년 03월 02일","30.97","30.35","31.91","29.71","-","-1.18%"
"2021년 02월 26일","31.34","30.30","32.99","30.30","-","12.25%"
"2021년 02월 25일","27.92","27.82","28.14","27.25","-","-3.49%"
"2021년 02월 24일","28.93","27.67","29.23","26.94","-","6.52%"
"2021년 02월 23일","27.16","28.07","29.22","26.98","-","-1.74%"
"2021년 02월 22일","27.64","27.36","28.01","26.76","-","2.90%"
"2021년 02월 19일","26.86","26.46","29.15","26.29","-","2.91%"
"2021년 02월 18일","26.10","25.85","26.41","25.21","-","2.03%"
"2021년 02월 17일","25.58","25.62","26.72","25.52","-","1.99%"
"2021년 02월 16일","25.08","26.35","26.47","25.08","-","-4.35%"
"2021년 02월 15일","26.22","27.26","27.29","26.01","-","-0.79%"
"2021년 02월 10일","26.43","25.16","27.04","24.51","-","4.84%"
"2021년 02월 09일","25.21","26.88","26.88","24.75","-","-7.76%"
"2021년 02월 08일","27.33","29.73","29.73","27.02","-","-4.61%"
"2021년 02월 05일","28.65","31.38","31.96","28.55","-","-10.64%"
"2021년 02월 04일","32.06","31.83","33.25","31.77","-","2.46%"
"2021년 02월 03일","31.29","33.15","33.16","31.24","-","-6.32%"
"2021년 02월 02일","33.40","33.40","34.96","33.32","-","-2.22%"
"2021년 02월 01일","34.16","37.44","37.50","34.13","-","-4.39%"
"2021년 01월 29일","35.73","32.59","37.04","32.19","-","7.98%"
"2021년 01월 28일","33.09","31.72","33.86","31.69","-","12.51%"
"2021년 01월 27일","29.41","29.70","30.42","29.39","-","-1.93%"
"2021년 01월 26일","29.99","29.22","30.81","28.96","-","3.52%"
"2021년 01월 25일","28.97","29.46","29.52","28.79","-","-1.33%"
"2021년 01월 22일","29.36","30.32","30.32","28.63","-","-4.15%"
"2021년 01월 21일","30.63","32.53","32.53","30.35","-","-8.07%"
"2021년 01월 20일","33.32","33.66","34.93","33.20","-","-2.23%"
"2021년 01월 19일","34.08","33.10","35.48","31.62","-","2.71%"
"2021년 01월 18일","33.18","32.62","33.65","32.20","-","5.13%"
"2021년 01월 15일","31.56","29.17","31.73","28.14","-","6.33%"
"2021년 01월 14일","29.68","31.79","32.03","29.44","-","-7.25%"
"2021년 01월 13일","32.00","34.51","34.61","31.97","-","-8.44%"
"2021년 01월 12일","34.95","35.99","36.57","33.81","-","-1.96%"
"2021년 01월 11일","35.65","29.63","36.58","29.45","-","22.17%"
"2021년 01월 08일","29.18","26.75","29.32","26.54","-","9.08%"
"2021년 01월 07일","26.75","27.41","27.41","26.05","-","-3.08%"
"2021년 01월 06일","27.60","27.01","28.28","26.77","-","5.26%"
"2021년 01월 05일","26.22","25.54","26.75","25.54","-","5.68%"
"2021년 01월 04일","24.81","24.08","25.05","24.01","-","12.31%"
"2020년 12월 30일","22.09","21.83","22.43","21.63","-","2.13%"
"2020년 12월 29일","21.63","22.95","23.26","21.62","-","-6.53%"
"2020년 12월 28일","23.14","22.88","23.21","22.76","-","7.48%"
"2020년 12월 24일","21.53","21.12","22.12","20.68","-","0.05%"
"2020년 12월 23일","21.52","22.13","22.84","21.52","-","-5.82%"
"2020년 12월 22일","22.85","21.18","23.00","21.10","-","11.25%"
"2020년 12월 21일","20.54","20.56","21.13","20.39","-","4.96%"
"2020년 12월 18일","19.57","19.78","19.87","19.53","-","-1.41%"
"2020년 12월 17일","19.85","20.36","20.40","19.75","-","-2.70%"
"2020년 12월 16일","20.40","20.93","20.93","20.35","-","-4.09%"
"2020년 12월 15일","21.27","21.74","22.08","21.00","-","0.09%"
"2020년 12월 14일","21.25","20.89","21.29","20.80","-","7.05%"
"2020년 12월 11일","19.85","19.67","19.97","19.48","-","-0.90%"
"2020년 12월 10일","20.03","20.72","20.87","19.92","-","-0.60%"
"2020년 12월 09일","20.15","20.63","20.63","20.07","-","-2.66%"
"2020년 12월 08일","20.70","21.31","21.35","20.60","-","-2.82%"
"2020년 12월 07일","21.30","21.69","21.72","21.11","-","1.38%"
"2020년 12월 04일","21.01","20.27","21.31","20.19","-","4.95%"
"2020년 12월 03일","20.02","20.17","20.20","19.86","-","-0.79%"
"2020년 12월 02일","20.18","20.54","20.57","20.13","-","-0.15%"
"2020년 12월 01일","20.21","20.55","20.71","20.10","-","-2.70%"
"2020년 11월 30일","20.77","20.35","20.85","20.34","-","5.65%"
"2020년 11월 27일","19.66","20.15","20.19","19.66","-","-1.70%"
"2020년 11월 26일","20.00","20.76","20.77","19.87","-","-3.94%"
"2020년 11월 25일","20.82","19.90","21.13","19.88","-","5.10%"
"2020년 11월 24일","19.81","19.54","19.81","19.26","-","0.10%"
"2020년 11월 23일","19.79","19.54","20.03","19.35","-","3.02%"
"2020년 11월 20일","19.21","19.61","19.66","19.09","-","-1.03%"
"2020년 11월 19일","19.41","19.93","20.00","19.38","-","-1.12%"
"2020년 11월 18일","19.63","19.64","19.75","19.24","-","-0.46%"
"2020년 11월 17일","19.72","20.43","20.43","19.47","-","-3.80%"
"2020년 11월 16일","20.50","20.48","20.91","20.42","-","3.69%"
"2020년 11월 13일","19.77","20.32","20.50","19.76","-","-0.40%"
"2020년 11월 12일","19.85","20.47","20.52","19.84","-","-4.01%"
"2020년 11월 11일","20.68","20.51","20.90","20.45","-","-1.62%"
"2020년 11월 10일","21.02","21.65","21.98","21.00","-","-2.59%"
"2020년 11월 09일","21.58","21.58","21.74","21.10","-","-0.74%"
"2020년 11월 06일","21.74","21.62","22.01","21.56","-","-1.90%"
"2020년 11월 05일","22.16","23.09","23.09","22.03","-","-10.46%"
"2020년 11월 04일","24.75","25.43","26.46","24.38","-","-6.74%"
"2020년 11월 03일","26.54","27.74","27.74","26.27","-","-7.36%"
"2020년 11월 02일","28.65","31.83","31.83","28.54","-","-10.38%"
"2020년 10월 30일","31.97","26.99","32.30","26.94","-","23.44%"
"2020년 10월 29일","25.90","25.39","27.10","25.28","-","11.21%"
"2020년 10월 28일","23.29","23.98","24.31","23.22","-","-1.23%"
"2020년 10월 27일","23.58","23.83","23.84","23.25","-","2.79%"
"2020년 10월 26일","22.94","22.72","22.96","22.50","-","4.75%"
"2020년 10월 23일","21.90","22.52","22.96","21.88","-","-2.84%"
"2020년 10월 22일","22.54","22.88","23.23","22.52","-","3.02%"
"2020년 10월 21일","21.88","22.33","22.62","21.88","-","-1.35%"
"2020년 10월 20일","22.18","22.79","23.47","22.18","-","-1.47%"
"2020년 10월 19일","22.51","22.31","22.55","21.89","-","2.18%"
"2020년 10월 16일","22.03","21.21","22.76","21.20","-","2.61%"
"2020년 10월 15일","21.47","21.25","22.00","21.17","-","2.38%"
"2020년 10월 14일","20.97","20.50","21.33","20.43","-","3.10%"
"2020년 10월 13일","20.34","20.07","21.24","20.07","-","-0.10%"
"2020년 10월 12일","20.36","21.32","21.34","20.36","-","-3.05%"
"2020년 10월 08일","21.00","20.99","21.91","20.99","-","-2.55%"
"2020년 10월 07일","21.55","22.81","22.87","21.55","-","-3.32%"
"2020년 10월 06일","22.29","23.10","23.12","22.18","-","-6.62%"
"2020년 10월 05일","23.87","25.32","25.49","23.81","-","-1.16%"
"2020년 09월 29일","24.15","24.73","24.75","24.11","-","-3.44%"
"2020년 09월 28일","25.01","26.32","26.38","25.01","-","-4.29%"
"2020년 09월 25일","26.13","26.46","27.15","26.13","-","-3.97%"
"2020년 09월 24일","27.21","26.33","27.56","26.33","-","10.43%"
"2020년 09월 23일","24.64","24.61","26.55","24.57","-","-2.22%"
"2020년 09월 22일","25.20","23.62","25.60","23.59","-","8.11%"
"2020년 09월 21일","23.31","22.68","23.52","22.22","-","7.97%"
"2020년 09월 18일","21.59","21.83","22.51","21.59","-","-3.23%"
"2020년 09월 17일","22.31","21.31","22.31","21.30","-","5.99%"
"2020년 09월 16일","21.05","21.21","21.27","20.73","-","0.38%"
"2020년 09월 15일","20.97","21.31","21.56","20.90","-","-1.46%"
"2020년 09월 14일","21.28","21.61","21.77","21.20","-","-1.85%"
"2020년 09월 11일","21.68","22.62","22.82","21.55","-","-2.08%"
"2020년 09월 10일","22.14","23.27","23.27","22.01","-","-10.47%"
"2020년 09월 09일","24.73","25.84","26.03","24.21","-","3.60%"
"2020년 09월 08일","23.87","25.01","25.29","23.87","-","-7.66%"
"2020년 09월 07일","25.85","27.83","27.93","25.85","-","-7.11%"
"2020년 09월 04일","27.83","28.26","28.54","27.22","-","10.00%"
"2020년 09월 03일","25.30","25.73","25.73","25.05","-","-3.66%"
"2020년 09월 02일","26.26","27.12","27.20","26.23","-","-4.82%"
"2020년 09월 01일","27.59","27.21","28.08","27.17","-","-0.65%"
"2020년 08월 31일","27.77","26.07","27.81","26.07","-","5.19%"
"2020년 08월 28일","26.40","26.95","26.98","25.89","-","-3.01%"
"2020년 08월 27일","27.22","26.10","27.23","25.87","-","7.00%"
"2020년 08월 26일","25.44","24.76","25.98","24.74","-","3.29%"
"2020년 08월 25일","24.63","26.39","26.39","24.55","-","-6.85%"
"2020년 08월 24일","26.44","28.19","28.23","26.44","-","-1.67%"
"2020년 08월 21일","26.89","26.15","27.35","25.74","-","-4.58%"
"2020년 08월 20일","28.18","24.96","28.22","24.66","-","15.59%"
"2020년 08월 19일","24.38","24.16","24.69","23.93","-","-3.29%"
"2020년 08월 18일","25.21","23.22","25.68","23.00","-","11.65%"
"2020년 08월 14일","22.58","22.14","23.51","22.10","-","2.08%"
"2020년 08월 13일","22.12","22.61","22.66","21.96","-","-3.24%"
"2020년 08월 12일","22.86","23.14","23.63","22.82","-","-0.52%"
"2020년 08월 11일","22.98","22.75","23.08","22.58","-","0.17%"
"2020년 08월 10일","22.94","22.77","22.98","22.54","-","3.94%"
"2020년 08월 07일","22.07","22.02","22.57","21.87","-","0.05%"
"2020년 08월 06일","22.06","21.74","22.42","21.66","-","2.22%"
"2020년 08월 05일","21.58","22.17","22.19","21.57","-","-3.75%"
"2020년 08월 04일","22.42","22.99","23.28","22.40","-","-4.68%"
"2020년 08월 03일","23.52","24.26","24.27","23.48","-","-0.21%"
"2020년 07월 31일","23.57","23.34","23.70","22.94","-","2.88%"
"2020년 07월 30일","22.91","23.27","23.27","22.72","-","-1.80%"
"2020년 07월 29일","23.33","23.21","23.63","23.19","-","1.79%"
"2020년 07월 28일","22.92","22.66","23.03","22.39","-","-0.17%"
"2020년 07월 27일","22.96","22.83","23.15","22.75","-","2.04%"
"2020년 07월 24일","22.50","21.43","22.61","21.36","-","7.14%"
"2020년 07월 23일","21.00","21.23","21.73","20.77","-","0.86%"
"2020년 07월 22일","20.82","21.09","21.14","20.74","-","-1.28%"
"2020년 07월 21일","21.09","21.58","21.61","21.06","-","-5.72%"
"2020년 07월 20일","22.37","22.98","23.14","22.30","-","0.13%"
"2020년 07월 17일","22.34","22.90","23.12","22.30","-","-4.86%"
"2020년 07월 16일","23.48","23.64","23.85","23.14","-","-0.63%"
"2020년 07월 15일","23.63","23.35","24.05","23.35","-","-3.35%"
"2020년 07월 14일","24.45","24.44","25.18","24.30","-","3.47%"
"2020년 07월 13일","23.63","24.20","24.25","23.40","-","-4.83%"
"2020년 07월 10일","24.83","24.56","24.96","23.73","-","6.20%"
"2020년 07월 09일","23.38","24.22","24.29","23.19","-","-6.63%"
"2020년 07월 08일","25.04","24.77","25.10","24.33","-","0.76%"
"2020년 07월 07일","24.85","23.62","25.07","23.62","-","3.46%"
"2020년 07월 06일","24.02","24.64","24.65","23.71","-","-3.07%"
"2020년 07월 03일","24.78","27.04","27.05","24.69","-","-9.73%"
"2020년 07월 02일","27.45","29.04","29.08","27.45","-","-8.19%"
"2020년 07월 01일","29.90","29.96","30.07","28.97","-","-3.77%"
"2020년 06월 30일","31.07","31.54","31.55","30.14","-","-7.47%"
"2020년 06월 29일","33.58","32.76","33.78","32.06","-","9.88%"
"2020년 06월 26일","30.56","32.14","32.14","30.06","-","-7.73%"
"2020년 06월 25일","33.12","31.86","33.20","31.65","-","9.67%"
"2020년 06월 24일","30.20","31.35","31.35","30.03","-","-4.82%"
"2020년 06월 23일","31.73","31.80","34.52","31.10","-","-6.76%"
"2020년 06월 22일","34.03","35.39","35.52","32.79","-","-0.03%"
"2020년 06월 19일","34.04","38.01","38.40","33.53","-","-8.74%"
"2020년 06월 18일","37.30","37.94","38.44","37.27","-","0.67%"
"2020년 06월 17일","37.05","36.17","38.60","36.17","-","3.20%"
"2020년 06월 16일","35.90","35.80","35.90","34.69","-","-9.55%"
"2020년 06월 15일","39.69","33.92","39.84","32.91","-","20.71%"
"2020년 06월 12일","32.88","33.20","34.44","31.16","-","22.73%"
"2020년 06월 11일","26.79","26.08","27.67","25.45","-","2.80%"
"2020년 06월 10일","26.06","26.41","26.55","25.93","-","-1.77%"
"2020년 06월 09일","26.53","26.75","27.60","26.08","-","-3.18%"
"2020년 06월 08일","27.40","26.27","27.66","26.21","-","7.66%"
"2020년 06월 05일","25.45","25.73","25.83","25.01","-","-0.93%"
"2020년 06월 04일","25.69","26.36","27.04","25.58","-","-0.19%"
"2020년 06월 03일","25.74","24.80","26.44","24.79","-","2.96%"
"2020년 06월 02일","25.00","25.44","25.62","24.96","-","0.24%"
"2020년 06월 01일","24.94","26.28","26.37","24.84","-","-2.73%"
"2020년 05월 29일","25.64","26.45","26.99","25.59","-","1.58%"
"2020년 05월 28일","25.24","23.95","26.11","23.88","-","3.15%"
"2020년 05월 27일","24.47","24.53","24.69","23.95","-","2.82%"
"2020년 05월 26일","23.80","25.14","25.29","23.70","-","-5.82%"
"2020년 05월 25일","25.27","27.38","27.90","25.27","-","-8.90%"
"2020년 05월 22일","27.74","24.07","28.09","23.95","-","17.69%"
"2020년 05월 21일","23.57","24.13","24.19","23.48","-","-5.15%"
"2020년 05월 20일","24.85","25.33","25.43","24.70","-","-0.60%"
"2020년 05월 19일","25.00","25.50","25.64","24.92","-","-7.54%"
"2020년 05월 18일","27.04","28.37","28.54","26.90","-","0.30%"
"2020년 05월 15일","26.96","26.38","27.83","26.35","-","0.63%"
"2020년 05월 14일","26.79","27.74","27.87","26.77","-","4.04%"
"2020년 05월 13일","25.75","29.40","29.40","25.70","-","-7.34%"
"2020년 05월 12일","27.79","29.67","30.73","27.15","-","-5.25%"
"2020년 05월 11일","29.33","28.18","29.60","27.65","-","1.95%"
"2020년 05월 08일","28.77","29.77","29.77","28.47","-","-8.11%"
"2020년 05월 07일","31.31","32.57","32.67","30.55","-","-1.57%"
"2020년 05월 06일","31.81","34.26","35.13","31.81","-","-12.51%"
"2020년 05월 04일","36.36","35.84","36.48","34.98","-","19.17%"
"2020년 04월 29일","30.51","32.96","32.99","30.45","-","-6.53%"
"2020년 04월 28일","32.64","34.56","34.94","32.63","-","-7.14%"
"2020년 04월 27일","35.15","37.01","37.02","35.00","-","-6.37%"
"2020년 04월 24일","37.54","35.93","37.77","35.83","-","8.94%"
"2020년 04월 23일","34.46","35.91","36.39","34.45","-","-5.72%"
"2020년 04월 22일","36.55","39.15","39.80","36.12","-","0.05%"
"2020년 04월 21일","36.53","34.70","41.74","34.25","-","9.73%"
"2020년 04월 20일","33.29","33.21","33.47","32.43","-","5.88%"
"2020년 04월 17일","31.44","31.95","31.95","30.83","-","-9.71%"
"2020년 04월 16일","34.82","37.35","38.18","34.82","-","-3.39%"
"2020년 04월 14일","36.04","38.29","38.36","35.96","-","-9.20%"
"2020년 04월 13일","39.69","38.24","39.92","38.02","-","10.74%"
"2020년 04월 10일","35.84","37.03","37.03","35.41","-","0.82%"
"2020년 04월 09일","35.55","38.53","39.87","35.55","-","-11.24%"
"2020년 04월 08일","40.05","37.46","40.11","37.24","-","10.82%"
"2020년 04월 07일","36.14","36.33","38.41","35.89","-","-5.54%"
"2020년 04월 06일","38.26","44.15","44.15","37.97","-","-15.62%"
"2020년 04월 03일","45.34","46.32","46.80","45.00","-","-4.02%"
"2020년 04월 02일","47.24","50.15","50.65","47.24","-","-5.52%"
"2020년 04월 01일","50.00","47.52","50.10","42.80","-","2.99%"
"2020년 03월 31일","48.55","52.83","52.90","48.34","-","-11.45%"
"2020년 03월 30일","54.83","55.88","57.11","53.79","-","0.38%"
"2020년 03월 27일","54.62","50.97","56.07","50.56","-","3.53%"
"2020년 03월 26일","52.76","50.79","53.01","50.05","-","6.97%"
"2020년 03월 25일","49.32","53.38","53.38","49.28","-","-8.29%"
"2020년 03월 24일","53.78","62.09","62.13","53.39","-","-13.95%"
"2020년 03월 23일","62.50","66.07","68.37","62.08","-","2.91%"
"2020년 03월 20일","60.73","71.29","71.29","60.29","-","-12.29%"
"2020년 03월 19일","69.24","62.70","71.75","60.80","-","10.25%"
"2020년 03월 18일","62.80","62.22","62.80","57.58","-","-2.62%"
"2020년 03월 17일","64.49","67.88","70.51","61.79","-","-0.11%"
"2020년 03월 16일","64.56","57.76","64.68","55.33","-","19.87%"
"2020년 03월 13일","53.86","51.07","60.71","48.86","-","25.05%"
"2020년 03월 12일","43.07","38.45","47.71","38.23","-","14.55%"
"2020년 03월 11일","37.60","34.51","38.27","34.47","-","8.05%"
"2020년 03월 10일","34.80","36.82","37.15","34.48","-","-3.89%"
"2020년 03월 09일","36.21","33.05","36.91","32.75","-","31.82%"
"2020년 03월 06일","27.47","26.43","28.00","26.13","-","16.10%"
"2020년 03월 05일","23.66","25.73","25.73","23.42","-","-11.58%"
"2020년 03월 04일","26.76","29.23","29.24","26.60","-","-9.26%"
"2020년 03월 03일","29.49","28.89","29.92","27.84","-","-9.71%"
"2020년 03월 02일","32.66","35.08","36.76","31.89","-","-3.40%"
"2020년 02월 28일","33.81","32.10","34.13","30.62","-","25.97%"
"2020년 02월 27일","26.84","25.48","27.62","25.24","-","6.93%"
"2020년 02월 26일","25.10","25.15","25.33","24.36","-","10.48%"
"2020년 02월 25일","22.72","23.73","24.32","22.64","-","-3.93%"
"2020년 02월 24일","23.65","22.81","23.74","22.67","-","19.44%"
"2020년 02월 21일","19.80","19.35","19.80","19.15","-","8.55%"
"2020년 02월 20일","18.24","18.07","19.17","17.72","-","0.27%"
"2020년 02월 19일","18.19","17.99","18.64","17.90","-","-0.33%"
"2020년 02월 18일","18.25","17.64","18.30","17.56","-","6.35%"
"2020년 02월 17일","17.16","17.60","17.67","16.99","-","1.84%"
"2020년 02월 14일","16.85","16.92","17.13","16.76","-","1.02%"
"2020년 02월 13일","16.68","16.65","17.09","16.27","-","-1.59%"
"2020년 02월 12일","16.95","18.19","18.27","16.78","-","-6.66%"
"2020년 02월 11일","18.16","17.61","18.64","17.39","-","-0.33%"
"2020년 02월 10일","18.22","18.89","19.01","18.16","-","3.94%"
"2020년 02월 07일","17.53","17.70","18.20","17.53","-","-1.57%"
"2020년 02월 06일","17.81","17.58","17.97","17.25","-","-2.30%"
"2020년 02월 05일","18.23","18.01","18.55","17.77","-","-0.87%"
"2020년 02월 04일","18.39","18.75","18.84","18.10","-","-4.81%"
"2020년 02월 03일","19.32","21.61","21.72","19.17","-","0.16%"
"2020년 01월 31일","19.29","17.97","19.56","17.56","-","4.95%"
"2020년 01월 30일","18.38","17.18","18.49","16.89","-","8.18%"
"2020년 01월 29일","16.99","17.90","18.32","16.48","-","-7.26%"
"2020년 01월 28일","18.32","17.48","19.05","17.41","-","19.74%"
"2020년 01월 23일","15.30","14.88","15.47","14.87","-","7.07%"
"2020년 01월 22일","14.29","14.43","14.46","14.20","-","-0.83%"
"2020년 01월 21일","14.41","13.84","14.41","13.81","-","5.65%"
"2020년 01월 20일","13.64","13.93","14.04","13.62","-","0.29%"
"2020년 01월 17일","13.60","13.60","13.83","13.50","-","0.15%"
"2020년 01월 16일","13.58","13.44","13.71","13.25","-","1.57%"
"2020년 01월 15일","13.37","13.65","13.69","13.30","-","-0.30%"
"2020년 01월 14일","13.41","13.30","13.48","13.09","-","1.13%"
"2020년 01월 13일","13.26","13.23","13.31","12.95","-","3.51%"
"2020년 01월 10일","12.81","13.46","13.46","12.81","-","-5.67%"
"2020년 01월 09일","13.58","14.62","14.78","13.58","-","-14.97%"
"2020년 01월 08일","15.97","16.30","17.07","15.57","-","5.90%"
"2020년 01월 07일","15.08","15.44","15.45","14.92","-","-5.04%"
"2020년 01월 06일","15.88","16.54","16.54","15.84","-","0.00%"
"2020년 01월 03일","15.88","15.34","16.18","15.17","-","3.12%"
"2020년 01월 02일","15.40","15.33","15.64","15.12","-","4.83%"
"2019년 12월 30일","14.69","14.86","15.00","14.69","-","3.96%"
"2019년 12월 27일","14.13","14.36","14.72","14.13","-","-0.14%"
"2019년 12월 26일","14.15","14.11","14.20","14.03","-","2.46%"
"2019년 12월 24일","13.81","14.16","14.23","13.81","-","-1.15%"
"2019년 12월 23일","13.97","13.57","14.05","13.57","-","6.80%"
"2019년 12월 20일","13.08","13.21","13.48","13.05","-","-0.91%"
"2019년 12월 19일","13.20","13.20","13.21","12.93","-","1.46%"
"2019년 12월 18일","13.01","13.14","13.28","12.96","-","-0.31%"
"2019년 12월 17일","13.05","13.07","13.17","12.82","-","-1.66%"
"2019년 12월 16일","13.27","13.49","13.55","13.22","-","1.14%"
"2019년 12월 13일","13.12","13.65","13.69","12.91","-","-2.02%"
"2019년 12월 12일","13.39","13.32","13.71","13.28","-","-0.07%"
"2019년 12월 11일","13.40","13.42","13.54","13.12","-","0.53%"
"2019년 12월 10일","13.33","13.73","13.75","13.33","-","-2.06%"
"2019년 12월 09일","13.61","14.03","14.11","13.50","-","-2.16%"
"2019년 12월 06일","13.91","14.34","14.36","13.81","-","-4.40%"
"2019년 12월 05일","14.55","14.05","14.95","13.98","-","1.25%"
"2019년 12월 04일","14.37","14.64","14.83","14.34","-","0.77%"
"2019년 12월 03일","14.26","14.68","14.74","14.10","-","2.15%"
"2019년 12월 02일","13.96","14.03","14.14","13.81","-","0.00%"
"2019년 11월 29일","13.96","13.94","14.36","13.79","-","1.38%"
"2019년 11월 28일","13.77","14.09","14.19","13.77","-","-0.58%"
"2019년 11월 27일","13.85","14.33","14.44","13.75","-","-2.53%"
"2019년 11월 26일","14.21","13.97","14.28","13.45","-","2.16%"
"2019년 11월 25일","13.91","14.05","14.09","13.75","-","0.22%"
"2019년 11월 22일","13.88","14.49","14.58","13.81","-","-4.41%"
"2019년 11월 21일","14.52","14.39","15.38","14.39","-","2.91%"
"2019년 11월 20일","14.11","13.85","14.18","13.74","-","4.36%"
"2019년 11월 19일","13.52","13.50","13.81","13.46","-","1.35%"
"2019년 11월 18일","13.34","13.78","13.78","13.34","-","1.75%"
"2019년 11월 15일","13.11","13.27","13.39","13.11","-","-2.31%"
"2019년 11월 14일","13.42","13.66","13.66","13.28","-","-3.10%"
"2019년 11월 13일","13.85","13.75","14.00","13.69","-","1.47%"
"2019년 11월 12일","13.65","14.05","14.14","13.59","-","-3.94%"
"2019년 11월 11일","14.21","14.18","14.21","13.88","-","3.05%"
"2019년 11월 08일","13.79","13.63","13.85","13.52","-","0.07%"
"2019년 11월 07일","13.78","13.86","13.88","13.45","-","-0.79%"
"2019년 11월 06일","13.89","13.49","13.92","13.46","-","3.50%"
"2019년 11월 05일","13.42","13.50","13.54","13.15","-","0.75%"
"2019년 11월 04일","13.32","13.48","13.48","13.28","-","0.76%"
"2019년 11월 01일","13.22","13.72","13.73","13.22","-","-2.72%"
"2019년 10월 31일","13.59","13.50","13.70","13.26","-","-1.88%"
"2019년 10월 30일","13.85","13.93","13.98","13.66","-","2.74%"
"2019년 10월 29일","13.48","13.56","13.70","13.42","-","-1.17%"
"2019년 10월 28일","13.64","13.61","13.82","13.54","-","1.64%"
"2019년 10월 25일","13.42","13.44","13.54","13.29","-","1.67%"
"2019년 10월 24일","13.20","13.33","13.68","13.13","-","-0.15%"
"2019년 10월 23일","13.22","13.41","13.57","13.22","-","0.99%"
"2019년 10월 22일","13.09","13.67","13.68","13.01","-","-5.42%"
"2019년 10월 21일","13.84","14.24","14.31","13.84","-","-0.07%"
"2019년 10월 18일","13.85","13.33","13.98","13.26","-","3.82%"
"2019년 10월 17일","13.34","13.45","13.51","13.28","-","0.53%"
"2019년 10월 16일","13.27","13.32","13.65","13.17","-","-3.84%"
"2019년 10월 15일","13.80","14.29","14.31","13.78","-","-3.50%"
"2019년 10월 14일","14.30","14.32","14.43","14.21","-","-3.64%"
"2019년 10월 11일","14.84","15.05","15.06","14.55","-","-5.05%"
"2019년 10월 10일","15.63","16.01","16.78","15.60","-","1.69%"
"2019년 10월 08일","15.37","16.28","16.30","15.27","-","-5.42%"
"2019년 10월 07일","16.25","16.27","16.63","16.06","-","-0.37%"
"2019년 10월 04일","16.31","16.02","16.34","15.46","-","2.84%"
"2019년 10월 02일","15.86","15.83","16.20","15.73","-","6.51%"
"2019년 10월 01일","14.89","15.28","15.31","14.88","-","-1.72%"
"2019년 09월 30일","15.15","15.57","15.58","15.04","-","2.02%"
"2019년 09월 27일","14.85","15.25","15.35","14.77","-","-1.39%"
"2019년 09월 26일","15.06","15.52","15.61","14.94","-","-3.59%"
"2019년 09월 25일","15.62","15.09","15.63","15.07","-","6.33%"
"2019년 09월 24일","14.69","14.74","14.90","14.62","-","-0.07%"
"2019년 09월 23일","14.70","14.76","14.80","14.62","-","4.40%"
"2019년 09월 20일","14.08","14.48","14.49","14.07","-","-1.26%"
"2019년 09월 19일","14.26","14.72","14.72","14.17","-","-3.39%"
"2019년 09월 18일","14.76","14.95","15.06","14.73","-","0.89%"
"2019년 09월 17일","14.63","14.60","14.70","14.55","-","1.53%"
"2019년 09월 16일","14.41","14.75","14.79","14.40","-","6.74%"
"2019년 09월 11일","13.50","13.33","14.03","13.33","-","0.52%"
"2019년 09월 10일","13.43","14.19","14.22","13.43","-","-6.54%"
"2019년 09월 09일","14.37","14.44","14.52","14.05","-","-1.17%"
"2019년 09월 06일","14.54","14.69","14.74","14.23","-","-3.52%"
"2019년 09월 05일","15.07","15.69","15.86","15.07","-","-5.64%"
"2019년 09월 04일","15.97","16.42","16.43","15.83","-","-3.39%"
"2019년 09월 03일","16.53","16.29","16.57","16.25","-","2.35%"
"2019년 09월 02일","16.15","16.36","16.36","15.92","-","2.54%"
"2019년 08월 30일","15.75","15.63","15.92","15.63","-","-6.31%"
"2019년 08월 29일","16.81","16.54","16.96","16.39","-","2.13%"
"2019년 08월 28일","16.46","16.53","16.72","16.34","-","-1.20%"
"2019년 08월 27일","16.66","16.59","16.79","16.28","-","-3.87%"
"2019년 08월 26일","17.33","17.43","17.83","17.06","-","11.45%"
"2019년 08월 23일","15.55","15.54","15.66","15.45","-","2.10%"
"2019년 08월 22일","15.23","15.05","15.37","14.98","-","0.33%"
"2019년 08월 21일","15.18","15.19","15.25","15.01","-","1.27%"
"2019년 08월 20일","14.99","16.29","16.32","14.84","-","-8.65%"
"2019년 08월 19일","16.41","16.93","17.04","16.34","-","-3.81%"
"2019년 08월 16일","17.06","17.76","17.97","17.04","-","6.03%"
"2019년 08월 14일","16.09","15.80","16.21","15.72","-","-6.72%"
"2019년 08월 13일","17.25","16.47","17.25","16.03","-","12.45%"
"2019년 08월 12일","15.34","16.38","16.47","15.34","-","-3.58%"
"2019년 08월 09일","15.91","15.66","16.04","15.64","-","-3.40%"
"2019년 08월 08일","16.47","18.61","18.84","16.47","-","-14.40%"
"2019년 08월 07일","19.24","19.86","20.40","19.09","-","-6.69%"
"2019년 08월 06일","20.62","22.65","23.82","18.65","-","8.07%"
"2019년 08월 05일","19.08","16.66","19.14","16.54","-","19.18%"
"2019년 08월 02일","16.01","16.44","16.97","15.87","-","5.19%"
"2019년 08월 01일","15.22","15.85","15.87","14.97","-","-0.46%"
"2019년 07월 31일","15.29","15.34","16.39","14.95","-","2.21%"
"2019년 07월 30일","14.96","15.06","15.19","14.71","-","-0.80%"
"2019년 07월 29일","15.08","15.00","15.47","14.81","-","5.16%"
"2019년 07월 26일","14.34","14.57","14.79","14.33","-","1.77%"
"2019년 07월 25일","14.09","14.17","14.43","13.95","-","2.47%"
"2019년 07월 24일","13.75","13.35","14.00","13.28","-","4.48%"
"2019년 07월 23일","13.16","13.58","13.58","13.16","-","-3.73%"
"2019년 07월 22일","13.67","13.78","13.88","13.67","-","4.27%"
"2019년 07월 19일","13.11","13.24","13.42","13.10","-","-5.00%"
"2019년 07월 18일","13.80","13.36","13.83","13.33","-","5.83%"
"2019년 07월 17일","13.04","12.94","13.44","12.92","-","3.74%"
"2019년 07월 16일","12.57","12.89","13.01","12.56","-","-3.53%"
"2019년 07월 15일","13.03","13.51","13.51","12.98","-","1.72%"
"2019년 07월 12일","12.81","13.87","13.88","12.74","-","-8.24%"
"2019년 07월 11일","13.96","13.85","14.07","13.16","-","-4.58%"
"2019년 07월 10일","14.63","14.21","14.66","14.05","-","1.39%"
"2019년 07월 09일","14.43","14.41","14.43","14.08","-","-0.35%"
"2019년 07월 08일","14.48","13.83","14.66","13.56","-","10.03%"
"2019년 07월 05일","13.16","13.31","13.36","13.02","-","0.08%"
"2019년 07월 04일","13.15","13.39","13.46","13.10","-","-2.59%"
"2019년 07월 03일","13.50","13.32","13.70","13.23","-","0.67%"
"2019년 07월 02일","13.41","13.98","14.06","13.39","-","-4.42%"
"2019년 07월 01일","14.03","14.16","14.32","13.95","-","-2.77%"
"2019년 06월 28일","14.43","14.22","14.49","14.14","-","3.52%"
"2019년 06월 27일","13.94","14.15","14.37","13.94","-","-0.78%"
"2019년 06월 26일","14.05","14.40","14.41","14.05","-","-0.28%"
"2019년 06월 25일","14.09","14.14","14.26","13.77","-","0.71%"
"2019년 06월 24일","13.99","14.43","14.46","13.81","-","1.60%"
"2019년 06월 21일","13.77","13.95","14.06","13.71","-","0.73%"
"2019년 06월 20일","13.67","14.32","14.32","13.67","-","-5.07%"
"2019년 06월 19일","14.40","14.45","14.49","14.30","-","-0.96%"
"2019년 06월 18일","14.54","14.60","14.70","14.50","-","-0.95%"
"2019년 06월 17일","14.68","15.01","15.01","14.60","-","1.94%"
"2019년 06월 14일","14.40","15.05","15.12","14.33","-","-3.29%"
"2019년 06월 13일","14.89","14.88","15.42","14.51","-","-0.47%"
"2019년 06월 12일","14.96","15.02","15.11","14.86","-","0.74%"
"2019년 06월 11일","14.85","15.04","15.07","14.78","-","-0.60%"
"2019년 06월 10일","14.94","15.89","15.99","14.94","-","-5.38%"
"2019년 06월 07일","15.79","16.58","16.59","15.75","-","-4.07%"
"2019년 06월 05일","16.46","17.00","17.02","16.28","-","-5.40%"
"2019년 06월 04일","17.40","17.47","17.66","17.32","-","0.46%"
"2019년 06월 03일","17.32","18.21","18.25","17.32","-","0.00%"
"2019년 05월 31일","17.32","17.23","17.34","16.83","-","3.90%"
"2019년 05월 30일","16.67","17.01","17.35","16.67","-","-3.75%"
"2019년 05월 29일","17.32","17.69","17.85","17.24","-","1.82%"
"2019년 05월 28일","17.01","17.19","17.34","16.79","-","-0.35%"
"2019년 05월 27일","17.07","17.27","17.30","16.95","-","2.46%"
"2019년 05월 24일","16.66","16.74","17.13","16.66","-","1.59%"
"2019년 05월 23일","16.40","16.31","16.84","16.21","-","1.86%"
"2019년 05월 22일","16.10","15.56","16.16","15.52","-","2.81%"
"2019년 05월 21일","15.66","15.92","16.05","15.38","-","-1.51%"
"2019년 05월 20일","15.90","16.11","16.13","15.77","-","-0.81%"
"2019년 05월 17일","16.03","16.13","16.39","15.67","-","-3.43%"
"2019년 05월 16일","16.60","16.57","17.14","16.49","-","-0.18%"
"2019년 05월 15일","16.63","17.69","17.74","16.45","-","-7.87%"
"2019년 05월 14일","18.05","19.00","19.19","17.66","-","-1.80%"
"2019년 05월 13일","18.38","18.84","18.84","17.88","-","-0.81%"
"2019년 05월 10일","18.53","17.53","19.97","17.53","-","1.37%"
"2019년 05월 09일","18.28","15.98","19.92","15.98","-","15.48%"
"2019년 05월 08일","15.83","15.97","15.99","15.23","-","8.35%"
"2019년 05월 07일","14.61","15.14","15.47","14.53","-","7.90%"
"2019년 05월 03일","13.54","13.70","13.85","13.43","-","-1.31%"
"2019년 05월 02일","13.72","13.70","13.83","13.32","-","3.31%"
"2019년 04월 30일","13.28","13.30","13.68","13.14","-","0.45%"
"2019년 04월 29일","13.22","13.10","13.30","12.76","-","1.85%"
"2019년 04월 26일","12.98","13.54","13.58","12.93","-","0.78%"
"2019년 04월 25일","12.88","13.25","13.28","12.87","-","-0.16%"
"2019년 04월 24일","12.90","12.88","13.42","12.79","-","1.42%"
"2019년 04월 23일","12.72","12.96","12.99","12.64","-","-1.32%"
"2019년 04월 22일","12.89","13.12","13.14","12.72","-","3.53%"
"2019년 04월 19일","12.45","12.71","12.83","12.44","-","-3.11%"
"2019년 04월 18일","12.85","12.88","13.13","12.78","-","1.58%"
"2019년 04월 17일","12.65","12.81","12.82","12.65","-","-0.08%"
"2019년 04월 16일","12.66","13.04","13.08","12.62","-","-2.01%"
"2019년 04월 15일","12.92","12.84","13.04","12.78","-","4.11%"
"2019년 04월 12일","12.41","12.70","12.76","12.33","-","0.98%"
"2019년 04월 11일","12.29","12.62","12.63","12.10","-","-59.57%"
"2019년 04월 10일","30.40","12.91","30.41","12.61","-","139.94%"
"2019년 04월 09일","12.67","13.10","13.19","12.65","-","-3.65%"
"2019년 04월 08일","13.15","13.86","13.90","13.09","-","-3.24%"
"2019년 04월 05일","13.59","13.66","13.84","13.47","-","-0.07%"
"2019년 04월 04일","13.60","13.49","13.60","13.30","-","2.33%"
"2019년 04월 03일","13.29","13.40","13.43","13.10","-","-0.37%"
"2019년 04월 02일","13.34","13.42","13.65","13.33","-","-2.84%"
"2019년 04월 01일","13.73","13.80","13.90","13.65","-","-3.92%"
"2019년 03월 29일","14.29","14.84","14.91","14.08","-","-4.22%"
"2019년 03월 28일","14.92","15.07","15.39","14.92","-","1.70%"
"2019년 03월 27일","14.67","15.30","15.40","14.62","-","-1.01%"
"2019년 03월 26일","14.82","14.78","14.99","14.61","-","-1.59%"
"2019년 03월 25일","15.06","14.67","15.18","14.63","-","14.96%"
"2019년 03월 22일","13.10","13.35","13.36","13.09","-","-2.82%"
"2019년 03월 21일","13.48","13.72","13.90","13.41","-","-3.37%"
"2019년 03월 20일","13.95","13.94","14.70","13.93","-","2.57%"
"2019년 03월 19일","13.60","14.31","14.35","13.60","-","-2.16%"
"2019년 03월 18일","13.90","14.23","14.32","13.89","-","2.21%"
"2019년 03월 15일","13.60","13.92","14.27","13.43","-","-2.58%"
"2019년 03월 14일","13.96","14.33","14.67","13.79","-","-5.61%"
"2019년 03월 13일","14.79","14.77","15.44","14.44","-","1.30%"
"2019년 03월 12일","14.60","14.65","14.90","14.47","-","-6.29%"
"2019년 03월 11일","15.58","15.33","15.98","15.30","-","2.70%"
"2019년 03월 08일","15.17","14.94","15.34","14.71","-","4.26%"
"2019년 03월 07일","14.55","14.78","15.14","14.55","-","0.14%"
"2019년 03월 06일","14.53","14.93","14.97","14.52","-","-1.49%"
"2019년 03월 05일","14.75","15.29","15.31","14.75","-","-1.73%"
"2019년 03월 04일","15.01","14.80","15.07","14.61","-","-3.10%"
"2019년 02월 28일","15.49","15.10","15.66","14.86","-","6.53%"
"2019년 02월 27일","14.54","14.70","14.78","14.22","-","-0.62%"
"2019년 02월 26일","14.63","14.80","14.91","14.51","-","0.27%"
"2019년 02월 25일","14.59","14.79","15.05","14.59","-","2.75%"
"2019년 02월 22일","14.20","14.86","14.91","14.17","-","-2.27%"
"2019년 02월 21일","14.53","14.80","14.93","14.51","-","-0.75%"
"2019년 02월 20일","14.64","14.95","15.03","14.60","-","-3.37%"
"2019년 02월 19일","15.15","15.48","15.53","14.70","-","6.02%"
"2019년 02월 18일","14.29","14.25","14.93","14.25","-","0.35%"
"2019년 02월 15일","14.24","13.94","14.67","13.79","-","3.49%"
"2019년 02월 14일","13.76","15.69","15.69","13.40","-","-12.75%"
"2019년 02월 13일","15.77","14.83","15.77","14.74","-","5.98%"
"2019년 02월 12일","14.88","14.70","14.88","14.54","-","0.07%"
"2019년 02월 11일","14.87","15.17","15.18","14.67","-","0.27%"
"2019년 02월 08일","14.83","15.15","15.47","14.76","-","0.54%"
"2019년 02월 07일","14.75","15.24","15.26","14.66","-","-0.74%"
"2019년 02월 01일","14.86","15.60","15.60","14.72","-","-4.19%"
"2019년 01월 31일","15.51","16.14","16.16","15.51","-","-8.71%"
"2019년 01월 30일","16.99","15.56","17.04","15.53","-","11.92%"
"2019년 01월 29일","15.18","15.23","15.46","15.14","-","1.61%"
"2019년 01월 28일","14.94","14.96","15.14","14.85","-","3.61%"
"2019년 01월 25일","14.42","13.91","14.89","13.91","-","2.78%"
"2019년 01월 24일","14.03","14.63","14.72","14.00","-","-5.20%"
"2019년 01월 23일","14.80","15.13","15.22","14.80","-","-0.87%"
"2019년 01월 22일","14.93","14.84","15.03","14.62","-","1.98%"
"2019년 01월 21일","14.64","14.95","15.18","14.64","-","2.23%"
"2019년 01월 18일","14.32","14.85","14.91","14.31","-","-4.41%"
"2019년 01월 17일","14.98","14.81","15.08","14.65","-","2.46%"
"2019년 01월 16일","14.62","14.95","15.06","14.62","-","-2.92%"
"2019년 01월 15일","15.06","14.58","15.17","14.29","-","0.60%"
"2019년 01월 14일","14.97","15.16","15.21","14.66","-","2.04%"
"2019년 01월 11일","14.67","14.73","15.21","14.39","-","-2.27%"
"2019년 01월 10일","15.01","15.38","15.92","14.84","-","-2.85%"
"2019년 01월 09일","15.45","15.44","15.56","15.35","-","-4.22%"
"2019년 01월 08일","16.13","16.31","16.38","15.89","-","-3.24%"
"2019년 01월 07일","16.67","17.15","17.16","16.48","-","-7.18%"
"2019년 01월 04일","17.96","19.16","19.23","17.96","-","-6.70%"
"2019년 01월 03일","19.25","19.64","19.70","19.08","-","-2.48%"
"2019년 01월 02일","19.74","18.95","20.19","18.92","-","3.95%"
"2018년 12월 28일","18.99","18.88","19.14","18.85","-","-1.40%"
"2018년 12월 27일","19.26","20.54","20.55","19.10","-","-11.41%"
"2018년 12월 26일","21.74","21.08","22.52","20.97","-","11.54%"
"2018년 12월 24일","19.49","19.75","19.95","19.46","-","4.39%"
"2018년 12월 21일","18.67","18.83","19.17","18.65","-","0.54%"
"2018년 12월 20일","18.57","18.39","19.01","17.54","-","4.03%"
"2018년 12월 19일","17.85","17.92","18.03","17.64","-","-0.72%"
"2018년 12월 18일","17.98","17.96","18.42","17.32","-","3.10%"
"2018년 12월 17일","17.44","17.85","18.02","17.15","-","-1.19%"
"2018년 12월 14일","17.65","15.67","18.01","15.67","-","11.22%"
"2018년 12월 13일","15.87","17.03","17.03","15.87","-","-8.00%"
"2018년 12월 12일","17.25","18.19","18.25","17.13","-","-7.36%"
"2018년 12월 11일","18.62","19.55","19.69","18.62","-","-6.05%"
"2018년 12월 10일","19.82","20.09","20.45","19.54","-","9.20%"
"2018년 12월 07일","18.15","18.07","18.88","18.01","-","-4.27%"
"2018년 12월 06일","18.96","17.79","19.09","17.69","-","10.88%"
"2018년 12월 05일","17.10","17.75","17.80","17.06","-","2.09%"
"2018년 12월 04일","16.75","16.69","17.00","16.35","-","0.78%"
"2018년 12월 03일","16.62","17.22","17.25","16.50","-","-10.50%"
"2018년 11월 30일","18.57","18.30","18.75","18.14","-","3.22%"
"2018년 11월 29일","17.99","17.25","18.19","17.19","-","2.57%"
"2018년 11월 28일","17.54","17.62","17.87","17.52","-","0.46%"
"2018년 11월 27일","17.46","17.65","17.88","17.34","-","-2.02%"
"2018년 11월 26일","17.82","18.57","18.71","17.79","-","-3.57%"
"2018년 11월 23일","18.48","18.36","18.96","18.29","-","0.38%"
"2018년 11월 22일","18.41","18.74","18.88","18.41","-","-2.64%"
"2018년 11월 21일","18.91","19.49","19.63","18.79","-","1.94%"
"2018년 11월 20일","18.55","18.67","18.68","18.20","-","4.68%"
"2018년 11월 19일","17.72","17.57","18.28","17.44","-","-2.37%"
"2018년 11월 16일","18.15","17.71","18.27","17.57","-","-0.93%"
"2018년 11월 15일","18.32","18.76","19.64","18.27","-","-3.27%"
"2018년 11월 14일","18.94","18.30","19.05","18.21","-","1.72%"
"2018년 11월 13일","18.62","18.61","19.92","18.23","-","11.56%"
"2018년 11월 12일","16.69","16.91","17.02","16.36","-","5.70%"
"2018년 11월 09일","15.79","15.80","16.01","14.92","-","-4.88%"
"2018년 11월 08일","16.60","17.15","17.60","16.59","-","-13.77%"
"2018년 11월 07일","19.25","19.68","19.71","18.57","-","-3.22%"
"2018년 11월 06일","19.89","19.67","20.48","18.97","-","0.81%"
"2018년 11월 05일","19.73","19.20","20.56","19.18","-","8.95%"
"2018년 11월 02일","18.11","18.74","24.86","17.75","-","-8.07%"
"2018년 11월 01일","19.70","19.42","19.90","18.38","-","-3.86%"
"2018년 10월 31일","20.49","21.94","21.94","20.33","-","-6.48%"
"2018년 10월 30일","21.91","22.89","23.19","21.21","-","-4.86%"
"2018년 10월 29일","23.03","22.33","23.05","21.32","-","2.72%"
"2018년 10월 26일","22.42","21.68","24.34","21.18","-","8.41%"
"2018년 10월 25일","20.68","22.34","23.11","20.67","-","9.24%"
"2018년 10월 24일","18.93","18.39","19.16","17.94","-","-0.58%"
"2018년 10월 23일","19.04","17.03","19.79","17.03","-","17.24%"
"2018년 10월 22일","16.24","17.17","17.22","16.07","-","1.75%"
"2018년 10월 19일","15.96","17.37","17.79","15.90","-","-2.68%"
"2018년 10월 18일","16.40","16.68","16.71","15.75","-","1.99%"
"2018년 10월 17일","16.08","16.20","16.82","16.02","-","-10.91%"
"2018년 10월 16일","18.05","17.73","18.46","17.56","-","-1.90%"
"2018년 10월 15일","18.40","18.20","18.67","17.72","-","7.10%"
"2018년 10월 12일","17.18","19.30","19.30","16.58","-","-11.85%"
"2018년 10월 11일","19.49","18.01","20.16","17.38","-","32.40%"
"2018년 10월 10일","14.72","14.10","15.21","14.08","-","5.07%"
"2018년 10월 08일","14.01","13.83","14.05","13.53","-","7.27%"
"2018년 10월 05일","13.06","12.91","13.52","12.74","-","1.01%"
"2018년 10월 04일","12.93","12.25","12.94","12.21","-","9.48%"
"2018년 10월 02일","11.81","11.58","11.97","11.35","-","1.81%"
"2018년 10월 01일","11.60","11.73","11.97","11.45","-","3.20%"
"2018년 09월 28일","11.24","11.46","11.49","11.21","-","-0.97%"
"2018년 09월 27일","11.35","11.92","11.92","11.35","-","2.34%"
"2018년 09월 21일","11.09","11.20","11.21","10.99","-","1.09%"
"2018년 09월 20일","10.97","11.18","11.20","10.87","-","-3.94%"
"2018년 09월 19일","11.42","11.73","11.85","11.42","-","-1.72%"
"2018년 09월 18일","11.62","11.94","11.98","11.60","-","0.52%"
"2018년 09월 17일","11.56","11.46","11.73","11.40","-","8.44%"
"2018년 09월 14일","10.66","11.28","11.29","10.64","-","-7.38%"
"2018년 09월 13일","11.51","11.74","11.92","11.50","-","-4.16%"
"2018년 09월 12일","12.01","12.27","12.42","11.97","-","-2.28%"
"2018년 09월 11일","12.29","12.19","12.91","12.15","-","-2.15%"
"2018년 09월 10일","12.56","13.07","13.11","12.53","-","-1.26%"
"2018년 09월 07일","12.72","13.44","13.53","12.55","-","2.25%"
"2018년 09월 06일","12.44","12.52","12.61","12.07","-","-1.27%"
"2018년 09월 05일","12.60","11.93","12.65","11.74","-","8.34%"
"2018년 09월 04일","11.63","12.06","12.11","11.60","-","-3.00%"
"2018년 09월 03일","11.99","12.05","12.26","11.93","-","3.01%"
"2018년 08월 31일","11.64","11.81","11.87","11.60","-","1.84%"
"2018년 08월 30일","11.43","11.48","11.51","11.20","-","0.44%"
"2018년 08월 29일","11.38","11.70","11.74","11.32","-","-2.40%"
"2018년 08월 28일","11.66","11.62","11.78","11.48","-","-0.68%"
"2018년 08월 27일","11.74","11.92","11.94","11.71","-","1.12%"
"2018년 08월 24일","11.61","12.12","12.29","11.61","-","-3.33%"
"2018년 08월 23일","12.01","12.22","12.50","11.91","-","-2.28%"
"2018년 08월 22일","12.29","12.70","12.70","12.11","-","-1.13%"
"2018년 08월 21일","12.43","13.66","13.71","12.43","-","-8.87%"
"2018년 08월 20일","13.64","13.24","14.17","13.17","-","-1.09%"
"2018년 08월 17일","13.79","14.04","14.09","13.44","-","-3.70%"
"2018년 08월 16일","14.32","15.28","15.81","14.19","-","9.06%"
"2018년 08월 14일","13.13","14.06","14.06","12.93","-","-7.60%"
"2018년 08월 13일","14.21","13.33","15.06","13.26","-","17.05%"
"2018년 08월 10일","12.14","11.85","12.23","11.50","-","6.12%"
"2018년 08월 09일","11.44","12.10","12.13","11.39","-","-4.83%"
"2018년 08월 08일","12.02","11.95","12.09","11.81","-","-0.17%"
"2018년 08월 07일","12.04","12.52","12.65","12.04","-","-3.60%"
"2018년 08월 06일","12.49","12.46","12.58","12.18","-","0.73%"
"2018년 08월 03일","12.40","13.36","13.36","12.40","-","-7.94%"
"2018년 08월 02일","13.47","12.55","13.82","12.34","-","7.67%"
"2018년 08월 01일","12.51","12.80","12.80","12.51","-","-4.14%"
"2018년 07월 31일","13.05","13.35","13.46","13.04","-","-1.14%"
"2018년 07월 30일","13.20","13.42","13.54","13.12","-","4.18%"
"2018년 07월 27일","12.67","13.15","13.16","12.67","-","-3.80%"
"2018년 07월 26일","13.17","13.99","14.03","13.17","-","-5.18%"
"2018년 07월 25일","13.89","13.90","14.26","13.78","-","-1.42%"
"2018년 07월 24일","14.09","14.82","14.87","14.08","-","-3.89%"
"2018년 07월 23일","14.66","14.64","14.92","14.43","-","5.24%"
"2018년 07월 20일","13.93","14.46","14.84","13.79","-","-2.38%"
"2018년 07월 19일","14.27","13.97","14.48","13.72","-","1.93%"
"2018년 07월 18일","14.00","13.34","14.24","13.12","-","1.45%"
"2018년 07월 17일","13.80","13.73","14.10","13.60","-","1.69%"
"2018년 07월 16일","13.57","13.75","13.77","13.31","-","3.91%"
"2018년 07월 13일","13.06","13.70","13.75","13.06","-","-7.44%"
"2018년 07월 12일","14.11","14.56","14.66","13.98","-","-4.86%"
"2018년 07월 11일","14.83","14.39","15.62","14.35","-","6.77%"
"2018년 07월 10일","13.89","14.15","14.17","13.68","-","-6.21%"
"2018년 07월 09일","14.81","16.42","16.45","14.81","-","-9.03%"
"2018년 07월 06일","16.28","17.32","17.45","15.96","-","-6.11%"
"2018년 07월 05일","17.34","17.51","17.94","17.33","-","-0.86%"
"2018년 07월 04일","17.49","17.70","17.93","17.28","-","-1.52%"
"2018년 07월 03일","17.76","17.64","18.81","17.39","-","-3.16%"
"2018년 07월 02일","18.34","16.47","18.34","16.42","-","14.34%"
"2018년 06월 29일","16.04","16.75","17.49","15.96","-","-3.95%"
"2018년 06월 28일","16.70","16.44","17.01","16.28","-","3.86%"
"2018년 06월 27일","16.08","15.73","16.08","15.47","-","2.16%"
"2018년 06월 26일","15.74","16.31","16.87","15.50","-","1.68%"
"2018년 06월 25일","15.48","16.06","16.18","15.25","-","2.04%"
"2018년 06월 22일","15.17","16.54","16.81","15.14","-","-4.29%"
"2018년 06월 21일","15.85","15.38","16.03","15.31","-","3.06%"
"2018년 06월 20일","15.38","16.40","16.44","14.93","-","-8.12%"
"2018년 06월 19일","16.74","15.49","17.00","15.38","-","10.93%"
"2018년 06월 18일","15.09","14.23","15.82","14.19","-","10.55%"
"2018년 06월 15일","13.65","12.80","13.83","12.76","-","3.57%"
"2018년 06월 14일","13.18","13.15","13.67","12.91","-","2.89%"
"2018년 06월 12일","12.81","13.47","13.68","12.81","-","-3.32%"
"2018년 06월 11일","13.25","13.44","13.46","13.06","-","2.24%"
"2018년 06월 08일","12.96","12.59","12.98","12.35","-","4.94%"
"2018년 06월 07일","12.35","12.42","12.51","12.19","-","-1.28%"
"2018년 06월 05일","12.51","12.76","13.16","12.45","-","-1.26%"
"2018년 06월 04일","12.67","13.28","13.28","12.66","-","-3.87%"
"2018년 06월 01일","13.18","14.21","14.23","13.18","-","-9.42%"
"2018년 05월 31일","14.55","14.88","14.92","14.04","-","-6.25%"
"2018년 05월 30일","15.52","13.75","15.99","13.72","-","20.03%"
"2018년 05월 29일","12.93","12.61","12.94","12.55","-","3.03%"
"2018년 05월 28일","12.55","12.82","12.84","12.54","-","0.40%"
"2018년 05월 25일","12.50","13.22","13.30","12.50","-","-2.65%"
"2018년 05월 24일","12.84","12.79","13.30","12.79","-","0.16%"
"2018년 05월 23일","12.82","13.19","13.20","12.77","-","-0.93%"
"2018년 05월 21일","12.94","13.49","13.99","12.76","-","1.97%"
"2018년 05월 18일","12.69","12.82","13.04","12.65","-","-3.06%"
"2018년 05월 17일","13.09","12.25","13.11","12.14","-","3.15%"
"2018년 05월 16일","12.69","13.08","13.16","12.44","-","-0.86%"
"2018년 05월 15일","12.80","11.76","12.88","11.74","-","9.31%"
"2018년 05월 14일","11.71","11.36","11.89","11.30","-","4.09%"
"2018년 05월 11일","11.25","11.56","11.56","11.15","-","-5.86%"
"2018년 05월 10일","11.95","12.40","12.41","11.95","-","-6.13%"
"2018년 05월 09일","12.73","12.93","13.42","12.70","-","-4.93%"
"2018년 05월 08일","13.39","13.35","13.39","12.99","-","0.60%"
"2018년 05월 04일","13.31","13.56","13.56","13.26","-","-2.56%"
"2018년 05월 03일","13.66","13.74","13.80","13.39","-","0.22%"
"2018년 05월 02일","13.63","13.87","14.01","13.49","-","0.29%"
"2018년 04월 30일","13.59","14.21","14.24","13.58","-","-3.27%"
"2018년 04월 27일","14.05","14.25","14.31","13.97","-","-3.57%"
"2018년 04월 26일","14.57","14.71","14.83","14.38","-","-1.95%"
"2018년 04월 25일","14.86","14.91","15.29","14.78","-","3.92%"
"2018년 04월 24일","14.30","13.65","14.40","13.61","-","5.30%"
"2018년 04월 23일","13.58","13.49","13.61","13.39","-","5.19%"
"2018년 04월 20일","12.91","12.81","12.99","12.68","-","2.46%"
"2018년 04월 19일","12.60","12.76","12.76","12.52","-","-2.48%"
"2018년 04월 18일","12.92","13.01","13.31","12.81","-","-3.22%"
"2018년 04월 17일","13.35","13.62","13.67","13.27","-","-4.03%"
"2018년 04월 16일","13.91","14.13","14.14","13.65","-","0.72%"
"2018년 04월 13일","13.81","14.53","14.60","13.73","-","-9.38%"
"2018년 04월 12일","15.24","15.27","15.36","14.95","-","-2.62%"
"2018년 04월 11일","15.65","15.49","15.73","15.19","-","3.57%"
"2018년 04월 10일","15.11","17.04","17.05","15.11","-","-8.42%"
"2018년 04월 09일","16.50","17.80","17.80","16.47","-","-4.90%"
"2018년 04월 06일","17.35","17.89","17.91","17.35","-","1.88%"
"2018년 04월 05일","17.03","18.13","18.27","17.03","-","-9.70%"
"2018년 04월 04일","18.86","18.39","18.92","18.04","-","1.34%"
"2018년 04월 03일","18.61","19.22","19.39","18.42","-","1.69%"
"2018년 04월 02일","18.30","18.56","18.56","18.04","-","4.33%"
"2018년 03월 30일","17.54","18.55","18.55","17.54","-","-7.39%"
"2018년 03월 29일","18.94","19.79","19.79","18.91","-","-4.39%"
"2018년 03월 28일","19.81","19.04","20.31","19.04","-","9.09%"
"2018년 03월 27일","18.16","18.34","18.49","17.99","-","-5.86%"
"2018년 03월 26일","19.29","20.60","20.95","19.29","-","-4.55%"
"2018년 03월 23일","20.21","18.09","20.52","18.08","-","24.45%"
"2018년 03월 22일","16.24","16.36","16.37","15.78","-","-2.93%"
"2018년 03월 21일","16.73","16.64","16.76","16.58","-","1.58%"
"2018년 03월 20일","16.47","17.06","17.09","16.46","-","1.04%"
"2018년 03월 19일","16.30","16.12","16.58","16.09","-","5.03%"
"2018년 03월 16일","15.52","15.72","16.11","15.52","-","0.00%"
"2018년 03월 15일","15.52","15.41","15.80","15.36","-","2.37%"
"2018년 03월 14일","15.16","15.36","15.38","15.14","-","0.73%"
"2018년 03월 13일","15.05","15.18","15.25","14.86","-","-0.53%"
"2018년 03월 12일","15.13","15.07","15.18","14.79","-","2.23%"
"2018년 03월 09일","14.80","14.81","15.33","14.75","-","-4.45%"
"2018년 03월 08일","15.49","16.86","16.94","15.47","-","-11.99%"
"2018년 03월 07일","17.60","17.48","17.89","16.80","-","5.58%"
"2018년 03월 06일","16.67","17.19","17.19","16.27","-","-10.81%"
"2018년 03월 05일","18.69","17.71","18.83","17.46","-","7.48%"
"2018년 03월 02일","17.39","17.54","18.33","17.19","-","11.83%"
"2018년 02월 28일","15.55","20.00","20.01","14.51","-","7.02%"
"2018년 02월 27일","14.53","14.35","14.71","14.18","-","-3.84%"
"2018년 02월 26일","15.11","15.38","15.49","15.11","-","-2.45%"
"2018년 02월 23일","15.49","16.17","16.17","15.48","-","-8.07%"
"2018년 02월 22일","16.85","17.48","17.48","16.64","-","1.75%"
"2018년 02월 21일","16.56","17.20","17.22","16.33","-","-3.16%"
"2018년 02월 20일","17.10","16.73","17.75","16.53","-","2.64%"
"2018년 02월 19일","16.66","16.54","17.00","16.40","-","-10.04%"
"2018년 02월 14일","18.52","19.03","19.18","18.46","-","-8.04%"
"2018년 02월 13일","20.14","19.59","20.49","18.50","-","-7.06%"
"2018년 02월 12일","21.67","22.12","22.47","20.79","-","-8.68%"
"2018년 02월 09일","23.73","24.16","24.18","21.63","-","30.31%"
"2018년 02월 08일","18.21","20.23","21.65","17.86","-","-20.96%"
"2018년 02월 07일","23.04","19.04","23.35","17.59","-","1.90%"
"2018년 02월 06일","22.61","22.67","28.34","20.98","-","39.22%"
"2018년 02월 05일","16.24","17.10","17.83","16.01","-","13.25%"
"2018년 02월 02일","14.34","14.14","17.09","13.95","-","2.58%"
"2018년 02월 01일","13.98","14.41","14.41","13.90","-","-3.85%"
"2018년 01월 31일","14.54","14.49","14.91","13.70","-","2.18%"
"2018년 01월 30일","14.23","13.74","14.47","13.66","-","6.04%"
"2018년 01월 29일","13.42","13.08","13.51","13.08","-","7.19%"
"2018년 01월 26일","12.52","12.65","12.73","12.52","-","0.32%"
"2018년 01월 25일","12.48","12.94","12.96","12.48","-","-2.19%"
"2018년 01월 24일","12.76","12.90","13.03","12.69","-","0.08%"
"2018년 01월 23일","12.75","13.02","13.02","12.64","-","-2.60%"
"2018년 01월 22일","13.09","13.33","13.66","13.05","-","3.31%"
"2018년 01월 19일","12.67","12.57","12.78","12.56","-","1.12%"
"2018년 01월 18일","12.53","12.39","12.58","12.23","-","2.62%"
"2018년 01월 17일","12.21","11.94","12.21","11.86","-","3.39%"
"2018년 01월 16일","11.81","11.95","12.10","11.78","-","0.25%"
"2018년 01월 15일","11.78","11.66","11.89","11.63","-","7.09%"
"2018년 01월 12일","11.00","10.96","11.08","10.74","-","-1.70%"
"2018년 01월 11일","11.19","12.08","12.10","11.19","-","-7.67%"
"2018년 01월 10일","12.12","12.04","12.32","11.88","-","0.75%"
"2018년 01월 09일","12.03","12.47","12.54","12.03","-","-2.27%"
"2018년 01월 08일","12.31","12.44","12.71","12.21","-","3.27%"
"2018년 01월 05일","11.92","12.11","12.17","11.83","-","-2.45%"
"2018년 01월 04일","12.22","12.66","12.85","12.22","-","-3.32%"
"2018년 01월 03일","12.64","12.84","13.01","12.64","-","-0.16%"
"2018년 01월 02일","12.66","12.99","13.13","12.58","-","4.98%"
"2017년 12월 28일","12.06","12.87","12.99","12.06","-","-6.51%"
"2017년 12월 27일","12.90","12.95","13.00","12.60","-","-0.23%"
"2017년 12월 26일","12.93","12.46","13.19","12.45","-","8.47%"
"2017년 12월 22일","11.92","14.07","14.17","11.88","-","-6.29%"
"2017년 12월 21일","12.72","12.54","12.92","12.20","-","7.16%"
"2017년 12월 20일","11.87","12.00","12.10","11.84","-","1.02%"
"2017년 12월 19일","11.75","11.36","11.97","11.29","-","3.07%"
"2017년 12월 18일","11.40","11.56","11.67","11.26","-","3.07%"
"2017년 12월 15일","11.06","11.56","11.73","10.89","-","-5.95%"
"2017년 12월 14일","11.76","10.63","13.08","10.37","-","5.19%"
"2017년 12월 13일","11.18","12.17","12.19","11.15","-","-8.06%"
"2017년 12월 12일","12.16","12.50","12.68","12.16","-","-2.41%"
"2017년 12월 11일","12.46","13.26","13.35","12.46","-","-4.45%"
"2017년 12월 08일","13.04","13.68","13.82","13.04","-","-4.54%"
"2017년 12월 07일","13.66","13.53","14.13","13.44","-","0.59%"
"2017년 12월 06일","13.58","13.23","13.81","13.00","-","4.62%"
"2017년 12월 05일","12.98","13.47","13.51","12.98","-","-1.89%"
"2017년 12월 04일","13.23","13.47","13.71","13.23","-","-0.23%"
"2017년 12월 01일","13.26","13.10","13.61","13.03","-","0.45%"
"2017년 11월 30일","13.20","13.06","13.61","12.38","-","7.93%"
"2017년 11월 29일","12.23","12.33","12.56","12.21","-","1.92%"
"2017년 11월 28일","12.00","12.11","12.13","11.75","-","-3.46%"
"2017년 11월 27일","12.43","11.98","12.88","11.98","-","8.18%"
"2017년 11월 24일","11.49","11.57","11.61","11.43","-","-0.09%"
"2017년 11월 23일","11.50","11.52","11.69","11.45","-","0.26%"
"2017년 11월 22일","11.47","11.64","11.78","11.44","-","-0.52%"
"2017년 11월 21일","11.53","11.73","11.86","11.52","-","-2.21%"
"2017년 11월 20일","11.79","11.58","11.94","11.50","-","4.43%"
"2017년 11월 17일","11.29","11.20","11.54","10.96","-","-0.35%"
"2017년 11월 16일","11.33","11.93","12.07","11.21","-","-5.82%"
"2017년 11월 15일","12.03","12.05","12.20","11.66","-","3.35%"
"2017년 11월 14일","11.64","11.75","11.99","11.58","-","-1.44%"
"2017년 11월 13일","11.81","11.29","12.07","11.29","-","6.30%"
"2017년 11월 10일","11.11","11.76","11.92","11.11","-","-7.18%"
"2017년 11월 09일","11.97","13.00","13.02","11.97","-","-9.46%"
"2017년 11월 08일","13.22","14.03","14.03","13.22","-","-5.03%"
"2017년 11월 07일","13.92","13.60","14.11","13.23","-","0.94%"
"2017년 11월 06일","13.79","13.21","14.07","13.10","-","5.35%"
"2017년 11월 03일","13.09","12.94","13.31","12.92","-","0.77%"
"2017년 11월 02일","12.99","12.75","13.10","12.52","-","2.36%"
"2017년 11월 01일","12.69","12.36","12.88","12.31","-","5.22%"
"2017년 10월 31일","12.06","12.40","12.40","11.99","-","-2.66%"
"2017년 10월 30일","12.39","12.52","12.54","12.31","-","1.47%"
"2017년 10월 27일","12.21","12.33","12.34","12.13","-","-2.86%"
"2017년 10월 26일","12.57","12.40","12.60","12.25","-","1.62%"
"2017년 10월 25일","12.37","12.39","12.65","12.24","-","0.65%"
"2017년 10월 24일","12.29","12.33","12.35","12.20","-","0.49%"
"2017년 10월 23일","12.23","12.39","12.47","12.22","-","2.51%"
"2017년 10월 20일","11.93","12.23","12.23","11.93","-","-3.79%"
"2017년 10월 19일","12.40","12.09","12.40","11.86","-","2.65%"
"2017년 10월 18일","12.08","12.16","12.39","12.08","-","0.67%"
"2017년 10월 17일","12.00","11.97","12.04","11.88","-","0.67%"
"2017년 10월 16일","11.92","11.74","12.08","11.73","-","4.01%"
"2017년 10월 13일","11.46","12.21","12.22","11.42","-","-5.91%"
"2017년 10월 12일","12.18","13.01","13.01","12.18","-","-7.73%"
"2017년 10월 11일","13.20","13.46","13.47","13.06","-","-4.76%"
"2017년 10월 10일","13.86","13.69","13.99","13.37","-","3.36%"
"2017년 09월 29일","13.41","13.09","13.41","12.96","-","6.01%"
"2017년 09월 28일","12.65","12.71","13.05","12.43","-","2.26%"
"2017년 09월 27일","12.37","12.75","12.75","12.26","-","-2.21%"
"2017년 09월 26일","12.65","13.00","13.33","12.58","-","2.35%"
"2017년 09월 25일","12.36","12.81","12.81","12.33","-","0.32%"
"2017년 09월 22일","12.32","11.74","12.63","11.73","-","6.57%"
"2017년 09월 21일","11.56","11.69","11.76","11.52","-","-1.11%"
"2017년 09월 20일","11.69","11.54","11.77","11.53","-","3.09%"
"2017년 09월 19일","11.34","11.51","11.57","11.34","-","0.00%"
"2017년 09월 18일","11.34","11.26","11.60","11.06","-","1.98%"
"2017년 09월 15일","11.12","12.23","12.29","10.94","-","-3.56%"
"2017년 09월 14일","11.53","12.86","12.93","11.53","-","-13.96%"
"2017년 09월 13일","13.40","13.65","13.65","12.28","-","-0.45%"
"2017년 09월 12일","13.46","13.71","13.87","13.46","-","-3.10%"
"2017년 09월 11일","13.89","13.55","14.19","13.31","-","-7.34%"
"2017년 09월 08일","14.99","14.61","15.26","14.50","-","2.25%"
"2017년 09월 07일","14.66","15.56","15.56","14.28","-","-10.01%"
"2017년 09월 06일","16.29","16.55","16.64","16.15","-","1.05%"
"2017년 09월 05일","16.12","15.08","16.46","15.08","-","5.84%"
"2017년 09월 04일","15.23","15.76","15.76","14.67","-","14.00%"
"2017년 09월 01일","13.36","13.27","13.87","13.18","-","-2.05%"
"2017년 08월 31일","13.64","13.13","14.06","13.13","-","5.41%"
"2017년 08월 30일","12.94","13.44","13.44","12.94","-","-5.69%"
"2017년 08월 29일","13.72","14.08","15.44","13.57","-","5.13%"
"2017년 08월 28일","13.05","12.65","13.22","12.59","-","7.14%"
"2017년 08월 25일","12.18","12.42","12.61","12.18","-","0.08%"
"2017년 08월 24일","12.17","12.33","12.40","12.04","-","-3.49%"
"2017년 08월 23일","12.61","12.40","12.95","12.34","-","-0.32%"
"2017년 08월 22일","12.65","12.76","12.99","12.65","-","-5.67%"
"2017년 08월 21일","13.41","13.69","13.84","13.23","-","2.37%"
"2017년 08월 18일","13.10","13.71","14.03","12.89","-","7.47%"
"2017년 08월 17일","12.19","13.51","13.53","12.19","-","-13.48%"
"2017년 08월 16일","14.09","14.00","14.90","13.96","-","-15.88%"
"2017년 08월 14일","16.75","17.28","17.41","16.57","-","-11.66%"
"2017년 08월 11일","18.96","20.60","21.01","18.56","-","14.56%"
"2017년 08월 10일","16.55","15.30","20.31","15.07","-","5.41%"
"2017년 08월 09일","15.70","14.54","16.28","14.51","-","25.20%"
"2017년 08월 08일","12.54","12.12","13.02","12.12","-","-0.63%"
"2017년 08월 07일","12.62","12.54","12.64","12.06","-","-1.25%"
"2017년 08월 04일","12.78","13.04","13.58","12.72","-","-5.19%"
"2017년 08월 03일","13.48","12.82","15.21","12.81","-","18.14%"
"2017년 08월 02일","11.41","11.59","11.62","11.29","-","-2.14%"
"2017년 08월 01일","11.66","12.70","12.70","11.63","-","-8.84%"
"2017년 07월 31일","12.79","13.08","13.41","12.49","-","-1.08%"
"2017년 07월 28일","12.93","11.04","12.93","11.04","-","24.57%"
"2017년 07월 27일","10.38","10.40","10.58","10.36","-","-1.33%"
"2017년 07월 26일","10.52","10.43","10.99","10.36","-","1.54%"
"2017년 07월 25일","10.36","10.16","10.44","10.04","-","2.98%"
"2017년 07월 24일","10.06","10.33","10.41","10.06","-","2.44%"
"2017년 07월 21일","9.82","10.47","10.52","9.82","-","-5.49%"
"2017년 07월 20일","10.39","10.70","10.81","10.28","-","-2.17%"
"2017년 07월 19일","10.62","10.76","10.96","10.58","-","-1.12%"
"2017년 07월 18일","10.74","10.80","10.89","10.68","-","-0.37%"
"2017년 07월 17일","10.78","10.66","10.92","10.64","-","3.36%"
"2017년 07월 14일","10.43","10.76","10.78","10.14","-","-4.57%"
"2017년 07월 13일","10.93","11.67","11.92","10.92","-","-6.82%"
"2017년 07월 12일","11.73","12.14","12.15","11.71","-","-2.98%"
"2017년 07월 11일","12.09","12.49","12.51","12.01","-","-3.67%"
"2017년 07월 10일","12.55","13.12","13.14","12.46","-","-3.24%"
"2017년 07월 07일","12.97","13.33","13.55","12.96","-","-0.15%"
"2017년 07월 06일","12.99","13.06","13.27","12.90","-","-1.44%"
"2017년 07월 05일","13.18","13.80","13.85","13.13","-","-6.06%"
"2017년 07월 04일","14.03","12.34","14.38","12.31","-","14.07%"
"2017년 07월 03일","12.30","12.42","12.48","12.30","-","2.50%"
"2017년 06월 30일","12.00","12.20","12.22","11.98","-","3.00%"
"2017년 06월 29일","11.65","12.01","12.06","11.65","-","-2.75%"
"2017년 06월 28일","11.98","11.86","12.09","11.84","-","2.04%"
"2017년 06월 27일","11.74","12.01","12.06","11.74","-","-1.10%"
"2017년 06월 26일","11.87","11.97","12.02","11.86","-","4.95%"
"2017년 06월 23일","11.31","11.26","11.44","11.18","-","1.16%"
"2017년 06월 22일","11.18","11.59","11.61","11.17","-","-3.87%"
"2017년 06월 21일","11.63","11.98","12.00","11.63","-","-0.68%"
"2017년 06월 20일","11.71","11.91","12.01","11.69","-","-0.26%"
"2017년 06월 19일","11.74","11.94","12.04","11.74","-","2.44%"
"2017년 06월 16일","11.46","11.68","11.72","11.46","-","-2.13%"
"2017년 06월 15일","11.71","11.75","12.18","11.57","-","0.69%"
"2017년 06월 14일","11.63","11.65","11.97","11.60","-","0.78%"
"2017년 06월 13일","11.54","12.00","12.05","11.50","-","-4.55%"
"2017년 06월 12일","12.09","12.02","12.22","11.90","-","5.77%"
"2017년 06월 09일","11.43","11.46","11.81","11.23","-","-5.69%"
"2017년 06월 08일","12.12","12.92","13.02","12.04","-","-5.97%"
"2017년 06월 07일","12.89","13.13","13.28","12.80","-","-0.62%"
"2017년 06월 05일","12.97","13.11","13.20","12.95","-","2.29%"
"2017년 06월 02일","12.68","12.86","12.99","12.62","-","-0.70%"
"2017년 06월 01일","12.77","13.32","13.42","12.77","-","-3.11%"
"2017년 05월 31일","13.18","13.64","13.74","13.18","-","-3.09%"
"2017년 05월 30일","13.60","14.03","14.19","13.60","-","-3.00%"
"2017년 05월 29일","14.02","14.25","14.58","13.92","-","3.77%"
"2017년 05월 26일","13.51","13.52","14.49","13.51","-","-0.37%"
"2017년 05월 25일","13.56","12.92","13.60","12.92","-","4.71%"
"2017년 05월 24일","12.95","13.20","13.25","12.95","-","0.54%"
"2017년 05월 23일","12.88","12.85","13.47","12.80","-","0.70%"
"2017년 05월 22일","12.79","13.08","13.17","12.73","-","-0.70%"
"2017년 05월 19일","12.88","13.04","13.07","12.64","-","-2.28%"
"2017년 05월 18일","13.18","13.67","14.06","13.18","-","2.73%"
"2017년 05월 17일","12.83","12.98","12.99","12.62","-","2.56%"
"2017년 05월 16일","12.51","13.24","13.42","12.51","-","-2.95%"
"2017년 05월 15일","12.89","12.93","13.10","12.79","-","4.63%"
"2017년 05월 12일","12.32","13.74","13.86","12.32","-","-16.30%"
"2017년 05월 11일","14.72","15.57","15.61","14.13","-","-8.85%"
"2017년 05월 10일","16.15","17.38","18.88","15.94","-","2.60%"
"2017년 05월 08일","15.74","14.28","16.07","13.80","-","14.31%"
"2017년 05월 04일","13.77","13.72","13.77","13.36","-","4.48%"
"2017년 05월 02일","13.18","12.77","13.68","12.71","-","7.42%"
"2017년 04월 28일","12.27","11.93","12.41","11.70","-","3.81%"
"2017년 04월 27일","11.82","12.38","12.44","11.82","-","-2.96%"
"2017년 04월 26일","12.18","12.47","12.68","12.18","-","1.33%"
"2017년 04월 25일","12.02","12.62","13.41","12.02","-","-5.87%"
"2017년 04월 24일","12.77","12.81","12.96","12.74","-","-0.93%"
"2017년 04월 21일","12.89","12.86","12.97","12.49","-","-3.08%"
"2017년 04월 20일","13.30","15.02","15.02","13.30","-","-10.56%"
"2017년 04월 19일","14.87","15.71","16.01","14.77","-","-3.32%"
"2017년 04월 18일","15.38","15.52","16.51","15.16","-","-2.72%"
"2017년 04월 17일","15.81","15.78","16.76","15.30","-","-3.60%"
"2017년 04월 14일","16.40","13.90","19.30","13.90","-","12.87%"
"2017년 04월 13일","14.53","14.74","25.80","14.52","-","-7.75%"
"2017년 04월 12일","15.75","16.77","26.95","15.74","-","-5.58%"
"2017년 04월 11일","16.68","15.18","19.05","14.85","-","12.93%"
"2017년 04월 10일","14.77","13.27","15.32","13.26","-","16.94%"
"2017년 04월 07일","12.63","11.66","13.09","11.66","-","6.85%"
"2017년 04월 06일","11.82","11.64","12.31","11.64","-","6.49%"
"2017년 04월 05일","11.10","10.89","11.70","10.74","-","1.46%"
"2017년 04월 04일","10.94","11.09","11.09","10.67","-","-0.64%"
"2017년 04월 03일","11.01","11.31","11.32","10.96","-","-0.45%"
"2017년 03월 31일","11.06","11.15","11.22","10.99","-","-1.25%"
"2017년 03월 30일","11.20","11.32","11.50","11.16","-","-3.03%"
"2017년 03월 29일","11.55","12.04","12.05","11.55","-","-5.71%"
"2017년 03월 28일","12.25","12.68","12.72","12.21","-","-5.55%"
"2017년 03월 27일","12.97","12.96","13.12","12.85","-","4.94%"
"2017년 03월 24일","12.36","12.58","12.69","12.35","-","-3.06%"
"2017년 03월 23일","12.75","12.93","12.98","12.67","-","-3.12%"
"2017년 03월 22일","13.16","13.15","13.57","13.11","-","4.11%"
"2017년 03월 21일","12.64","11.84","12.91","11.83","-","7.67%"
"2017년 03월 20일","11.74","11.75","11.85","11.69","-","4.36%"
"2017년 03월 17일","11.25","11.09","11.46","10.86","-","-0.18%"
"2017년 03월 16일","11.27","11.70","11.70","11.15","-","-0.97%"
"2017년 03월 15일","11.38","11.29","11.70","11.29","-","2.43%"
"2017년 03월 14일","11.11","10.60","11.21","10.55","-","3.83%"
"2017년 03월 13일","10.70","10.73","10.89","10.63","-","0.28%"
"2017년 03월 10일","10.67","12.29","12.31","10.43","-","-10.79%"
"2017년 03월 09일","11.96","11.34","11.96","11.22","-","5.84%"
"2017년 03월 08일","11.30","11.05","11.30","10.90","-","0.98%"
"2017년 03월 07일","11.19","11.07","11.25","10.87","-","-0.80%"
"2017년 03월 06일","11.28","11.31","11.41","11.06","-","2.83%"
"2017년 03월 03일","10.97","10.71","11.27","10.63","-","3.98%"
"2017년 03월 02일","10.55","10.81","10.94","10.49","-","-0.85%"
"2017년 02월 28일","10.64","10.68","10.71","10.46","-","0.19%"
"2017년 02월 27일","10.62","10.61","10.79","10.49","-","4.22%"
"2017년 02월 24일","10.19","9.92","10.38","9.84","-","4.09%"
"2017년 02월 23일","9.79","9.81","9.83","9.70","-","0.72%"
"2017년 02월 22일","9.72","10.00","10.01","9.71","-","-2.80%"
"2017년 02월 21일","10.00","10.09","10.35","9.98","-","-1.67%"
"2017년 02월 20일","10.17","10.42","10.62","10.11","-","1.50%"
"2017년 02월 17일","10.02","10.32","10.33","10.02","-","-1.18%"
"2017년 02월 16일","10.14","10.19","10.29","10.09","-","-0.49%"
"2017년 02월 15일","10.19","10.53","10.55","10.10","-","-2.67%"
"2017년 02월 14일","10.47","10.58","10.74","10.41","-","-0.19%"
"2017년 02월 13일","10.49","10.80","10.86","10.46","-","0.96%"
"2017년 02월 10일","10.39","10.80","10.80","10.32","-","-4.85%"
"2017년 02월 09일","10.92","11.38","11.41","10.81","-","-3.45%"
"2017년 02월 08일","11.31","11.97","12.05","11.31","-","-3.42%"
"2017년 02월 07일","11.71","11.94","12.03","11.71","-","-2.09%"
"2017년 02월 06일","11.96","12.07","12.27","11.91","-","0.25%"
"2017년 02월 03일","11.93","12.03","12.22","11.91","-","-2.29%"
"2017년 02월 02일","12.21","12.02","12.41","11.68","-","0.91%"
"2017년 02월 01일","12.10","12.42","12.48","12.10","-","-3.43%"
"2017년 01월 31일","12.53","12.41","12.59","12.25","-","8.11%"
"2017년 01월 26일","11.59","12.00","12.00","11.59","-","-4.37%"
"2017년 01월 25일","12.12","12.51","12.53","12.08","-","-2.96%"
"2017년 01월 24일","12.49","12.79","12.95","12.49","-","-3.25%"
"2017년 01월 23일","12.91","13.13","13.16","12.88","-","1.49%"
"2017년 01월 20일","12.72","13.01","13.01","12.66","-","1.27%"
"2017년 01월 19일","12.56","12.05","13.08","12.00","-","2.53%"
"2017년 01월 18일","12.25","12.01","12.65","11.89","-","3.73%"
"2017년 01월 17일","11.81","11.60","11.83","11.46","-","0.08%"
"2017년 01월 16일","11.80","11.29","12.15","11.13","-","7.66%"
"2017년 01월 13일","10.96","11.68","11.70","10.89","-","-8.89%"
"2017년 01월 12일","12.03","11.57","12.06","11.53","-","5.62%"
"2017년 01월 11일","11.39","11.23","11.65","11.05","-","3.83%"
"2017년 01월 10일","10.97","11.08","11.27","10.97","-","-1.44%"
"2017년 01월 09일","11.13","11.26","11.38","11.04","-","1.18%"
"2017년 01월 06일","11.00","11.02","11.03","10.76","-","-1.08%"
"2017년 01월 05일","11.12","10.92","11.20","10.79","-","2.02%"
"2017년 01월 04일","10.90","11.19","11.20","10.90","-","-3.02%"
"2017년 01월 03일","11.24","11.66","11.66","11.21","-","-3.77%"
"2017년 01월 02일","11.68","12.28","12.30","11.68","-","1.48%"